Order_ID,Order_Date,Customer_ID,Category,Product,Quantity,Unit_Price,Total_Amount,City,Payment_Mode
ORD10114,2025-04-29,CUST247,Home,Table Lamp,3,99,297,Pune,UPI
ORD10919,2025-04-01,CUST180,Electronics,Headphones,1,999,999,Kolkata,Cash
ORD10492,2025-10-11,CUST376,Grocery,Cooking Oil,4,1499,5996,Mumbai,Card
ORD10928,2025-08-25,CUST242,Home,Bedsheet,5,499,2495,Lucknow,Card
ORD10603,2025-02-12,CUST149,Clothing,Jeans,3,999,2997,Delhi,Card
ORD10147,2025-05-09,CUST333,Clothing,Jacket,4,1499,5996,Kolkata,UPI
ORD10887,2025-03-24,CUST137,Clothing,Kurta,3,299,897,Mumbai,Cash
ORD10318,2025-02-02,CUST377,Electronics,Bluetooth Speaker,3,1499,4497,Lucknow,Cash
ORD10927,2025-04-28,CUST144,Grocery,Cooking Oil,5,999,4995,Kanpur,Card
ORD10223,2025-03-24,CUST239,Electronics,Smart Watch,1,2499,2499,Kanpur,Card
ORD10548,2025-07-14,CUST163,Electronics,Headphones,4,499,1996,Jaipur,UPI
ORD10564,2025-12-14,CUST368,Clothing,Jacket,1,1499,1499,Kolkata,Card
ORD10319,2025-04-03,CUST169,Home,Mixer Grinder,3,499,1497,Kolkata,Card
ORD10758,2025-07-24,CUST356,Electronics,Bluetooth Speaker,3,99,297,Kanpur,Card
ORD10035,2025-07-19,CUST235,Electronics,Mobile Charger,4,99,396,Kolkata,UPI
ORD10642,2025-08-18,CUST341,Electronics,Smart Watch,1,199,199,Kolkata,UPI
ORD10747,2025-06-04,CUST103,Clothing,T-Shirt,5,199,995,Mumbai,Cash
ORD10380,2025-08-26,CUST356,Grocery,Biscuits,3,499,1497,Delhi,UPI
ORD10789,2025-01-22,CUST225,Electronics,Headphones,4,499,1996,Lucknow,UPI
ORD10098,2025-07-28,CUST350,Grocery,Rice 5kg,2,1499,2998,Jaipur,Cash
ORD10855,2025-07-15,CUST322,Home,Water Bottle,4,499,1996,Jaipur,Cash
ORD10010,2025-05-06,CUST183,Electronics,Mobile Charger,5,1499,7495,Kanpur,UPI
ORD10055,2025-08-29,CUST213,Electronics,Bluetooth Speaker,1,2499,2499,Delhi,UPI
ORD10024,2025-12-20,CUST202,Home,Bedsheet,5,2499,12495,Pune,UPI
ORD10596,2025-07-03,CUST137,Clothing,Kurta,5,999,4995,Kolkata,Card
ORD10707,2025-07-11,CUST196,Clothing,Jeans,1,999,999,Kanpur,Card
ORD10659,2025-05-15,CUST213,Home,Table Lamp,1,99,99,Mumbai,Cash
ORD10359,2025-11-11,CUST303,Grocery,Rice 5kg,3,999,2997,Kolkata,UPI
ORD10636,2025-04-28,CUST139,Electronics,Mobile Charger,4,199,796,Jaipur,Card
ORD10358,2025-06-27,CUST127,Grocery,Rice 5kg,5,1499,7495,Lucknow,UPI
ORD10126,2025-09-06,CUST162,Grocery,Tea Pack,4,1499,5996,Lucknow,Card
ORD10494,2025-01-02,CUST318,Home,Bedsheet,1,299,299,Lucknow,UPI
ORD10669,2025-09-05,CUST224,Clothing,Kurta,4,999,3996,Kolkata,UPI
ORD10753,2025-03-03,CUST216,Clothing,Jacket,4,499,1996,Pune,Card
ORD10180,2025-10-28,CUST387,Clothing,Jeans,5,99,495,Jaipur,UPI
ORD10844,2025-02-03,CUST274,Grocery,Cooking Oil,4,499,1996,Delhi,Card
ORD10351,2025-12-17,CUST141,Home,Bedsheet,2,299,598,Pune,Card
ORD10054,2025-12-09,CUST227,Grocery,Tea Pack,4,2499,9996,Mumbai,Cash
ORD10455,2025-08-19,CUST338,Electronics,Mobile Charger,1,199,199,Mumbai,UPI
ORD10710,2025-05-18,CUST311,Clothing,Jacket,5,2499,12495,Delhi,Cash
ORD10154,2025-09-04,CUST251,Clothing,Jeans,3,2499,7497,Pune,UPI
ORD10396,2025-04-10,CUST296,Clothing,T-Shirt,4,199,796,Jaipur,Card
ORD10702,2025-10-04,CUST190,Clothing,Kurta,2,1499,2998,Jaipur,Card
ORD10559,2025-02-28,CUST305,Electronics,Smart Watch,3,199,597,Kanpur,UPI
ORD10801,2025-12-04,CUST343,Home,Bedsheet,2,999,1998,Kanpur,UPI
ORD10243,2025-04-03,CUST379,Home,Mixer Grinder,4,999,3996,Mumbai,UPI
ORD10306,2025-05-08,CUST103,Grocery,Cooking Oil,4,299,1196,Mumbai,UPI
ORD10172,2025-09-03,CUST305,Clothing,Kurta,1,99,99,Kanpur,Card
ORD10680,2025-03-03,CUST365,Clothing,Kurta,2,499,998,Kanpur,UPI
ORD10806,2025-01-19,CUST147,Grocery,Biscuits,5,299,1495,Kolkata,UPI
ORD10197,2025-01-11,CUST266,Home,Water Bottle,1,499,499,Delhi,Card
ORD10295,2025-11-12,CUST400,Clothing,Jacket,2,99,198,Delhi,Cash
ORD10644,2025-11-02,CUST135,Clothing,Jeans,3,499,1497,Delhi,UPI
ORD10778,2025-12-28,CUST368,Grocery,Cooking Oil,3,1499,4497,Delhi,UPI
ORD10786,2025-04-01,CUST324,Grocery,Cooking Oil,2,99,198,Kolkata,Card
ORD10752,2025-10-23,CUST295,Electronics,Smart Watch,1,1499,1499,Lucknow,Cash
ORD10340,2025-04-24,CUST174,Clothing,Kurta,1,999,999,Lucknow,UPI
ORD10245,2025-08-17,CUST121,Home,Bedsheet,4,299,1196,Pune,UPI
ORD10047,2025-09-08,CUST228,Clothing,Jeans,3,999,2997,Kolkata,Cash
ORD10667,2025-09-17,CUST154,Electronics,Smart Watch,2,499,998,Jaipur,Cash
ORD10271,2025-06-17,CUST395,Home,Bedsheet,2,2499,4998,Pune,UPI
ORD10599,2025-09-01,CUST387,Clothing,Jeans,5,999,4995,Kolkata,Card
ORD10503,2025-02-10,CUST322,Grocery,Cooking Oil,1,499,499,Delhi,Card
ORD10706,2025-09-02,CUST253,Home,Mixer Grinder,4,2499,9996,Lucknow,UPI
ORD10473,2025-12-24,CUST283,Grocery,Cooking Oil,5,299,1495,Jaipur,Cash
ORD10819,2025-08-24,CUST374,Grocery,Biscuits,2,1499,2998,Mumbai,UPI
ORD10611,2025-08-13,CUST295,Clothing,T-Shirt,3,2499,7497,Kanpur,Card
ORD10408,2025-02-08,CUST147,Clothing,Kurta,4,499,1996,Kanpur,Card
ORD10421,2025-04-20,CUST177,Electronics,Mobile Charger,4,299,1196,Kanpur,Card
ORD10903,2025-02-06,CUST118,Home,Bedsheet,5,199,995,Pune,Cash
ORD10014,2025-10-26,CUST304,Grocery,Tea Pack,5,499,2495,Mumbai,Cash
ORD10839,2025-03-15,CUST232,Home,Table Lamp,2,199,398,Mumbai,UPI
ORD10881,2025-10-08,CUST105,Grocery,Tea Pack,2,299,598,Kanpur,UPI
ORD10433,2025-11-29,CUST133,Clothing,Kurta,5,1499,7495,Mumbai,Card
ORD10424,2025-11-04,CUST245,Electronics,Mobile Charger,5,999,4995,Kolkata,Card
ORD10757,2025-06-22,CUST142,Clothing,Kurta,2,199,398,Kanpur,Card
ORD10320,2025-07-13,CUST292,Home,Water Bottle,4,499,1996,Lucknow,Card
ORD10882,2025-09-26,CUST153,Electronics,Headphones,4,99,396,Pune,UPI
ORD10852,2025-10-26,CUST104,Clothing,Kurta,3,99,297,Jaipur,Card
ORD10631,2025-12-09,CUST205,Clothing,Jacket,2,99,198,Jaipur,UPI
ORD10141,2025-11-21,CUST151,Electronics,Bluetooth Speaker,1,2499,2499,Kanpur,Cash
ORD10979,2025-10-01,CUST396,Clothing,Jacket,3,99,297,Mumbai,Cash
ORD10169,2025-05-16,CUST126,Grocery,Tea Pack,1,199,199,Delhi,Card
ORD10100,2025-10-25,CUST288,Home,Bedsheet,3,1499,4497,Kanpur,Card
ORD10005,2025-07-03,CUST276,Electronics,Headphones,4,99,396,Jaipur,UPI
ORD10165,2025-01-26,CUST270,Electronics,Mobile Charger,5,99,495,Delhi,Cash
ORD10072,2025-09-16,CUST318,Clothing,Kurta,5,2499,12495,Pune,UPI
ORD10217,2025-11-02,CUST292,Electronics,Smart Watch,5,199,995,Delhi,Cash
ORD10205,2025-07-08,CUST246,Home,Table Lamp,1,99,99,Lucknow,Card
ORD10329,2025-10-30,CUST189,Clothing,Jacket,1,999,999,Pune,Card
ORD10604,2025-11-19,CUST209,Electronics,Headphones,2,1499,2998,Kolkata,Card
ORD10378,2025-10-16,CUST304,Clothing,Jeans,5,99,495,Kolkata,UPI
ORD10415,2025-07-10,CUST184,Electronics,Smart Watch,3,99,297,Lucknow,UPI
ORD10837,2025-12-10,CUST373,Clothing,Jacket,2,1499,2998,Lucknow,UPI
ORD10373,2025-05-24,CUST301,Home,Bedsheet,3,499,1497,Mumbai,Cash
ORD10221,2025-08-03,CUST182,Clothing,Kurta,5,999,4995,Kolkata,Cash
ORD10190,2025-11-07,CUST326,Clothing,Kurta,4,499,1996,Kanpur,UPI
ORD10109,2025-10-16,CUST255,Electronics,Mobile Charger,2,2499,4998,Lucknow,Cash
ORD10991,2025-01-08,CUST370,Electronics,Headphones,5,2499,12495,Delhi,Card
ORD10431,2025-10-02,CUST375,Home,Table Lamp,1,1499,1499,Jaipur,Cash
ORD10871,2025-10-30,CUST177,Electronics,Headphones,5,199,995,Pune,UPI
ORD10376,2025-08-18,CUST345,Grocery,Biscuits,4,99,396,Jaipur,UPI
ORD10495,2025-04-16,CUST187,Home,Bedsheet,1,99,99,Pune,UPI
ORD10059,2025-06-10,CUST323,Electronics,Bluetooth Speaker,3,1499,4497,Jaipur,Card
ORD10129,2025-09-05,CUST341,Clothing,Jacket,4,2499,9996,Delhi,UPI
ORD10993,2025-10-29,CUST194,Grocery,Biscuits,3,1499,4497,Kanpur,Card
ORD10390,2025-10-28,CUST158,Clothing,Kurta,5,499,2495,Mumbai,UPI
ORD10869,2025-02-12,CUST164,Clothing,T-Shirt,3,499,1497,Jaipur,Cash
ORD10025,2025-08-20,CUST161,Home,Water Bottle,4,999,3996,Delhi,Cash
ORD10187,2025-07-12,CUST314,Electronics,Headphones,5,199,995,Kanpur,UPI
ORD10619,2025-11-14,CUST135,Grocery,Cooking Oil,1,299,299,Delhi,UPI
ORD10681,2025-10-25,CUST151,Electronics,Headphones,2,499,998,Mumbai,UPI
ORD10958,2025-02-27,CUST345,Grocery,Biscuits,3,1499,4497,Lucknow,Cash
ORD10050,2025-01-19,CUST289,Electronics,Headphones,2,999,1998,Jaipur,Card
ORD10948,2025-09-24,CUST271,Electronics,Headphones,2,2499,4998,Kanpur,Card
ORD10508,2025-12-02,CUST348,Clothing,Kurta,3,499,1497,Jaipur,Card
ORD10095,2025-08-26,CUST391,Clothing,Kurta,2,2499,4998,Jaipur,Card
ORD10409,2025-06-17,CUST397,Clothing,Jacket,4,499,1996,Lucknow,Card
ORD10799,2025-04-03,CUST160,Clothing,Kurta,3,1499,4497,Delhi,Cash
ORD10792,2025-08-26,CUST331,Clothing,T-Shirt,5,199,995,Lucknow,Card
ORD10709,2025-11-17,CUST222,Grocery,Tea Pack,1,499,499,Jaipur,Card
ORD10807,2025-02-04,CUST318,Clothing,Jacket,4,2499,9996,Kolkata,Card
ORD10026,2025-10-11,CUST217,Electronics,Smart Watch,1,999,999,Jaipur,Cash
ORD10142,2025-01-29,CUST250,Clothing,T-Shirt,1,299,299,Mumbai,UPI
ORD10921,2025-02-26,CUST266,Grocery,Tea Pack,2,2499,4998,Delhi,Cash
ORD10657,2025-09-18,CUST305,Home,Bedsheet,1,199,199,Kolkata,UPI
ORD10061,2025-02-05,CUST269,Electronics,Mobile Charger,3,499,1497,Jaipur,UPI
ORD10173,2025-02-11,CUST264,Electronics,Bluetooth Speaker,4,99,396,Jaipur,Cash
ORD10099,2025-01-09,CUST147,Home,Table Lamp,4,2499,9996,Mumbai,Cash
ORD10273,2025-08-23,CUST223,Electronics,Headphones,4,999,3996,Jaipur,UPI
ORD10076,2025-04-20,CUST132,Grocery,Biscuits,2,1499,2998,Kanpur,UPI
ORD10588,2025-10-05,CUST116,Grocery,Rice 5kg,3,199,597,Mumbai,UPI
ORD10509,2025-07-26,CUST173,Home,Mixer Grinder,2,299,598,Jaipur,Card
ORD10748,2025-12-20,CUST241,Grocery,Tea Pack,1,2499,2499,Jaipur,Card
ORD10523,2025-06-28,CUST335,Clothing,Jacket,4,499,1996,Mumbai,Cash
ORD10800,2025-09-12,CUST355,Electronics,Smart Watch,1,499,499,Jaipur,Cash
ORD10519,2025-05-13,CUST146,Clothing,Jacket,2,2499,4998,Mumbai,Cash
ORD10664,2025-07-22,CUST307,Clothing,Kurta,3,1499,4497,Jaipur,Cash
ORD10135,2025-07-15,CUST297,Electronics,Smart Watch,4,1499,5996,Pune,Card
ORD10700,2025-03-06,CUST167,Grocery,Tea Pack,4,1499,5996,Jaipur,Cash
ORD10286,2025-02-26,CUST197,Grocery,Rice 5kg,5,1499,7495,Lucknow,UPI
ORD10206,2025-10-11,CUST121,Electronics,Bluetooth Speaker,4,999,3996,Kanpur,Card
ORD10004,2025-05-23,CUST179,Electronics,Mobile Charger,4,299,1196,Delhi,UPI
ORD10874,2025-08-14,CUST185,Home,Table Lamp,2,1499,2998,Delhi,Card
ORD10743,2025-08-15,CUST280,Clothing,Jeans,5,999,4995,Mumbai,Card
ORD10018,2025-03-22,CUST332,Clothing,T-Shirt,3,499,1497,Lucknow,Card
ORD10027,2025-02-04,CUST116,Electronics,Headphones,1,199,199,Kolkata,UPI
ORD10750,2025-06-03,CUST147,Clothing,Jeans,2,299,598,Jaipur,UPI
ORD10651,2025-01-03,CUST103,Clothing,Kurta,3,199,597,Jaipur,Card
ORD10171,2025-11-11,CUST122,Electronics,Bluetooth Speaker,5,199,995,Pune,Card
ORD10511,2025-06-22,CUST255,Home,Water Bottle,3,99,297,Mumbai,UPI
ORD10685,2025-05-01,CUST384,Grocery,Rice 5kg,3,2499,7497,Kanpur,UPI
ORD10484,2025-12-29,CUST271,Clothing,Jeans,1,2499,2499,Kanpur,Cash
ORD11000,2025-12-13,CUST143,Home,Table Lamp,5,1499,7495,Lucknow,Cash
ORD10872,2025-12-25,CUST220,Clothing,Jeans,3,2499,7497,Kanpur,Cash
ORD10554,2025-10-21,CUST352,Electronics,Headphones,1,2499,2499,Delhi,Cash
ORD10601,2025-05-12,CUST376,Clothing,Kurta,1,499,499,Pune,UPI
ORD10529,2025-01-19,CUST398,Home,Table Lamp,4,1499,5996,Pune,Card
ORD10714,2025-01-08,CUST352,Electronics,Mobile Charger,1,199,199,Delhi,UPI
ORD10703,2025-11-24,CUST373,Home,Table Lamp,5,1499,7495,Mumbai,UPI
ORD10474,2025-09-10,CUST377,Clothing,Jeans,5,199,995,Mumbai,Cash
ORD10397,2025-12-30,CUST327,Home,Table Lamp,4,499,1996,Kanpur,Cash
ORD10661,2025-01-06,CUST203,Electronics,Mobile Charger,4,499,1996,Kolkata,Card
ORD10793,2025-10-07,CUST169,Electronics,Mobile Charger,5,1499,7495,Kanpur,UPI
ORD10813,2025-08-27,CUST160,Grocery,Rice 5kg,1,99,99,Pune,Cash
ORD10719,2025-12-15,CUST259,Electronics,Mobile Charger,4,499,1996,Mumbai,Cash
ORD10670,2025-01-15,CUST346,Home,Table Lamp,5,2499,12495,Lucknow,UPI
ORD10075,2025-10-04,CUST141,Grocery,Tea Pack,3,299,897,Delhi,Cash
ORD10857,2025-12-10,CUST164,Home,Bedsheet,3,2499,7497,Delhi,Cash
ORD10957,2025-06-19,CUST251,Grocery,Rice 5kg,5,999,4995,Kanpur,UPI
ORD10996,2025-01-21,CUST142,Home,Water Bottle,3,999,2997,Mumbai,UPI
ORD10653,2025-10-27,CUST229,Electronics,Mobile Charger,4,1499,5996,Mumbai,Card
ORD10784,2025-07-18,CUST351,Home,Water Bottle,2,2499,4998,Kanpur,Cash
ORD10770,2025-07-14,CUST360,Electronics,Smart Watch,4,199,796,Pune,Cash
ORD10682,2025-05-02,CUST237,Clothing,Jeans,5,299,1495,Kanpur,Card
ORD10490,2025-11-11,CUST347,Electronics,Headphones,3,999,2997,Pune,Cash
ORD10861,2025-10-23,CUST355,Grocery,Biscuits,5,99,495,Kolkata,Card
ORD10668,2025-09-20,CUST231,Clothing,Jacket,1,2499,2499,Jaipur,Card
ORD10514,2025-07-11,CUST128,Home,Table Lamp,5,2499,12495,Jaipur,Cash
ORD10468,2025-10-06,CUST348,Electronics,Bluetooth Speaker,3,499,1497,Mumbai,Card
ORD10315,2025-08-17,CUST128,Grocery,Biscuits,1,999,999,Kanpur,Cash
ORD10532,2025-02-15,CUST213,Clothing,Jeans,3,1499,4497,Mumbai,Cash
ORD10229,2025-05-28,CUST221,Grocery,Biscuits,1,2499,2499,Mumbai,Cash
ORD10543,2025-01-24,CUST252,Home,Water Bottle,2,99,198,Mumbai,UPI
ORD10419,2025-02-15,CUST152,Home,Mixer Grinder,2,499,998,Lucknow,UPI
ORD10645,2025-04-14,CUST367,Home,Bedsheet,1,99,99,Kolkata,Card
ORD10111,2025-10-29,CUST319,Home,Table Lamp,4,299,1196,Mumbai,Card
ORD10541,2025-09-29,CUST197,Clothing,T-Shirt,3,2499,7497,Lucknow,Card
ORD10955,2025-07-10,CUST329,Electronics,Smart Watch,3,199,597,Kolkata,UPI
ORD10058,2025-04-02,CUST397,Clothing,T-Shirt,1,299,299,Mumbai,Cash
ORD10658,2025-01-03,CUST146,Electronics,Mobile Charger,4,1499,5996,Kolkata,Cash
ORD10450,2025-01-23,CUST218,Electronics,Mobile Charger,3,99,297,Kolkata,Card
ORD10007,2025-12-05,CUST216,Clothing,Jeans,1,99,99,Kolkata,UPI
ORD10956,2025-09-13,CUST174,Clothing,T-Shirt,1,499,499,Kanpur,UPI
ORD10652,2025-04-16,CUST261,Electronics,Headphones,4,1499,5996,Kanpur,UPI
ORD10139,2025-12-12,CUST373,Home,Mixer Grinder,3,2499,7497,Kanpur,UPI
ORD10164,2025-05-22,CUST197,Clothing,Jacket,1,499,499,Lucknow,UPI
ORD10868,2025-03-28,CUST393,Clothing,T-Shirt,4,999,3996,Lucknow,Card
ORD10684,2025-08-19,CUST192,Clothing,Jacket,4,299,1196,Lucknow,Card
ORD10337,2025-12-23,CUST204,Grocery,Rice 5kg,4,199,796,Kanpur,Cash
ORD10863,2025-09-04,CUST140,Home,Water Bottle,1,999,999,Delhi,Card
ORD10044,2025-03-22,CUST324,Electronics,Mobile Charger,3,299,897,Kolkata,Card
ORD10578,2025-12-04,CUST358,Electronics,Headphones,4,499,1996,Delhi,UPI
ORD10504,2025-02-04,CUST144,Grocery,Tea Pack,3,1499,4497,Kanpur,Card
ORD10064,2025-01-01,CUST255,Grocery,Tea Pack,4,999,3996,Mumbai,Cash
ORD10694,2025-06-10,CUST262,Electronics,Mobile Charger,3,199,597,Pune,UPI
ORD10891,2025-01-18,CUST137,Electronics,Bluetooth Speaker,3,99,297,Lucknow,Card
ORD10039,2025-02-04,CUST220,Electronics,Mobile Charger,1,999,999,Kanpur,Cash
ORD10348,2025-01-09,CUST357,Electronics,Smart Watch,5,299,1495,Kolkata,Card
ORD10254,2025-10-05,CUST248,Clothing,Jacket,1,999,999,Mumbai,Cash
ORD10352,2025-07-13,CUST382,Electronics,Headphones,4,499,1996,Kanpur,Cash
ORD10972,2025-04-02,CUST351,Home,Mixer Grinder,3,499,1497,Pune,Card
ORD10453,2025-06-11,CUST301,Grocery,Cooking Oil,3,299,897,Pune,Card
ORD10579,2025-10-27,CUST347,Electronics,Headphones,5,499,2495,Jaipur,Cash
ORD10386,2025-11-24,CUST321,Grocery,Biscuits,2,199,398,Kanpur,Cash
ORD10545,2025-04-25,CUST167,Grocery,Biscuits,1,199,199,Delhi,Card
ORD10835,2025-12-12,CUST125,Electronics,Mobile Charger,1,499,499,Lucknow,UPI
ORD10436,2025-09-22,CUST232,Grocery,Biscuits,3,999,2997,Delhi,UPI
ORD10740,2025-07-17,CUST197,Electronics,Headphones,2,999,1998,Delhi,Card
ORD10797,2025-01-23,CUST187,Grocery,Biscuits,5,499,2495,Mumbai,Card
ORD10138,2025-05-16,CUST273,Grocery,Rice 5kg,4,2499,9996,Jaipur,Card
ORD10260,2025-03-20,CUST255,Home,Mixer Grinder,1,999,999,Delhi,Cash
ORD10298,2025-05-28,CUST264,Home,Table Lamp,2,2499,4998,Mumbai,Card
ORD10317,2025-01-02,CUST211,Electronics,Bluetooth Speaker,3,2499,7497,Jaipur,Cash
ORD10186,2025-12-03,CUST305,Electronics,Mobile Charger,2,999,1998,Lucknow,Cash
ORD10818,2025-09-03,CUST342,Grocery,Tea Pack,3,1499,4497,Kolkata,Cash
ORD10263,2025-11-16,CUST272,Grocery,Cooking Oil,2,1499,2998,Kolkata,Card
ORD10774,2025-02-01,CUST231,Clothing,Jeans,5,299,1495,Kanpur,Cash
ORD10787,2025-08-07,CUST307,Home,Water Bottle,4,199,796,Kolkata,Cash
ORD10888,2025-05-13,CUST235,Home,Table Lamp,3,99,297,Delhi,UPI
ORD10780,2025-01-16,CUST263,Grocery,Tea Pack,2,1499,2998,Kanpur,UPI
ORD10883,2025-04-09,CUST117,Clothing,Jeans,3,299,897,Lucknow,Card
ORD10705,2025-09-25,CUST169,Grocery,Tea Pack,1,99,99,Mumbai,UPI
ORD10062,2025-12-08,CUST309,Electronics,Smart Watch,5,299,1495,Mumbai,UPI
ORD10938,2025-12-12,CUST286,Electronics,Smart Watch,1,999,999,Lucknow,Cash
ORD10598,2025-04-20,CUST269,Home,Mixer Grinder,3,199,597,Mumbai,UPI
ORD10325,2025-12-11,CUST124,Electronics,Headphones,4,999,3996,Delhi,Card
ORD10860,2025-08-19,CUST296,Home,Table Lamp,5,2499,12495,Mumbai,Cash
ORD10843,2025-07-25,CUST311,Electronics,Smart Watch,5,499,2495,Delhi,Card
ORD10526,2025-05-22,CUST266,Electronics,Bluetooth Speaker,1,299,299,Kolkata,UPI
ORD10563,2025-07-30,CUST325,Grocery,Biscuits,4,99,396,Lucknow,Cash
ORD10614,2025-10-21,CUST301,Grocery,Rice 5kg,1,99,99,Jaipur,Card
ORD10446,2025-06-05,CUST224,Clothing,Jeans,3,999,2997,Kanpur,UPI
ORD10602,2025-09-18,CUST328,Electronics,Smart Watch,5,2499,12495,Kanpur,Cash
ORD10149,2025-12-04,CUST302,Clothing,Jacket,1,2499,2499,Mumbai,Cash
ORD10565,2025-12-19,CUST148,Grocery,Tea Pack,5,999,4995,Kanpur,Card
ORD10404,2025-01-31,CUST391,Grocery,Cooking Oil,2,2499,4998,Mumbai,Card
ORD10587,2025-03-24,CUST246,Electronics,Headphones,2,299,598,Pune,UPI
ORD10751,2025-09-05,CUST188,Grocery,Rice 5kg,3,2499,7497,Kanpur,Card
ORD10110,2025-11-13,CUST215,Electronics,Bluetooth Speaker,5,999,4995,Kolkata,Card
ORD10488,2025-01-18,CUST250,Grocery,Cooking Oil,4,99,396,Lucknow,UPI
ORD10654,2025-12-15,CUST303,Home,Water Bottle,5,299,1495,Kolkata,Cash
ORD10590,2025-08-02,CUST260,Clothing,T-Shirt,4,499,1996,Jaipur,Cash
ORD10628,2025-01-06,CUST222,Electronics,Bluetooth Speaker,3,999,2997,Kolkata,Card
ORD10847,2025-08-16,CUST190,Home,Water Bottle,5,99,495,Kanpur,Cash
ORD10803,2025-01-29,CUST278,Grocery,Rice 5kg,2,199,398,Lucknow,Cash
ORD10233,2025-10-06,CUST359,Electronics,Smart Watch,1,999,999,Kolkata,Card
ORD10412,2025-01-25,CUST123,Grocery,Biscuits,3,1499,4497,Lucknow,Card
ORD10285,2025-11-19,CUST294,Electronics,Bluetooth Speaker,2,999,1998,Delhi,Card
ORD10159,2025-07-29,CUST159,Electronics,Bluetooth Speaker,3,1499,4497,Delhi,Cash
ORD10257,2025-07-23,CUST345,Grocery,Rice 5kg,1,299,299,Jaipur,UPI
ORD10586,2025-02-24,CUST112,Clothing,Kurta,1,999,999,Kanpur,Cash
ORD10097,2025-11-02,CUST241,Clothing,Jacket,3,299,897,Jaipur,Cash
ORD10915,2025-11-13,CUST285,Grocery,Rice 5kg,5,99,495,Kolkata,Card
ORD10327,2025-10-22,CUST263,Grocery,Tea Pack,2,2499,4998,Jaipur,Card
ORD10400,2025-07-07,CUST377,Electronics,Smart Watch,5,2499,12495,Kolkata,Cash
ORD10542,2025-06-26,CUST259,Electronics,Mobile Charger,2,1499,2998,Delhi,Cash
ORD10627,2025-10-29,CUST248,Grocery,Tea Pack,4,199,796,Delhi,UPI
ORD10250,2025-05-23,CUST227,Clothing,Kurta,3,1499,4497,Lucknow,Cash
ORD10986,2025-09-05,CUST320,Electronics,Headphones,1,2499,2499,Lucknow,Cash
ORD10016,2025-07-17,CUST295,Grocery,Biscuits,5,99,495,Jaipur,UPI
ORD10160,2025-02-19,CUST220,Electronics,Smart Watch,4,99,396,Jaipur,Cash
ORD10934,2025-10-20,CUST398,Clothing,Jeans,4,2499,9996,Lucknow,UPI
ORD10049,2025-12-28,CUST318,Clothing,Jeans,4,999,3996,Jaipur,Cash
ORD10326,2025-10-04,CUST211,Electronics,Bluetooth Speaker,4,199,796,Kolkata,Cash
ORD10368,2025-08-11,CUST241,Home,Bedsheet,1,199,199,Kanpur,UPI
ORD10427,2025-09-28,CUST106,Grocery,Biscuits,5,99,495,Mumbai,UPI
ORD10345,2025-11-19,CUST218,Electronics,Headphones,4,199,796,Lucknow,Card
ORD10309,2025-12-18,CUST357,Home,Water Bottle,2,499,998,Pune,UPI
ORD10361,2025-07-14,CUST143,Home,Bedsheet,5,1499,7495,Kolkata,Card
ORD10128,2025-11-28,CUST178,Grocery,Rice 5kg,4,99,396,Kanpur,Card
ORD10472,2025-07-18,CUST281,Electronics,Mobile Charger,5,2499,12495,Kolkata,Cash
ORD10463,2025-01-22,CUST336,Grocery,Rice 5kg,3,99,297,Lucknow,Cash
ORD10238,2025-01-23,CUST202,Home,Mixer Grinder,3,199,597,Lucknow,UPI
ORD10168,2025-01-14,CUST167,Clothing,Jeans,1,1499,1499,Lucknow,UPI
ORD10456,2025-06-07,CUST337,Electronics,Smart Watch,2,499,998,Mumbai,Cash
ORD10464,2025-07-15,CUST318,Home,Table Lamp,4,99,396,Delhi,UPI
ORD10081,2025-12-06,CUST113,Electronics,Bluetooth Speaker,5,999,4995,Lucknow,Card
ORD10515,2025-03-11,CUST368,Electronics,Smart Watch,5,499,2495,Jaipur,Cash
ORD10557,2025-03-01,CUST148,Clothing,Jacket,4,1499,5996,Kolkata,Cash
ORD10967,2025-02-03,CUST292,Clothing,Kurta,5,299,1495,Lucknow,Cash
ORD10031,2025-06-23,CUST155,Electronics,Headphones,4,1499,5996,Delhi,Cash
ORD10692,2025-05-27,CUST337,Home,Mixer Grinder,4,999,3996,Pune,Cash
ORD10762,2025-06-29,CUST326,Clothing,T-Shirt,3,199,597,Jaipur,Cash
ORD10552,2025-07-03,CUST309,Grocery,Tea Pack,5,199,995,Mumbai,Cash
ORD10363,2025-02-24,CUST146,Grocery,Biscuits,3,299,897,Lucknow,UPI
ORD10595,2025-11-02,CUST126,Grocery,Rice 5kg,2,299,598,Kolkata,Card
ORD10939,2025-01-21,CUST287,Home,Water Bottle,4,999,3996,Mumbai,Cash
ORD10028,2025-09-06,CUST209,Electronics,Mobile Charger,3,1499,4497,Jaipur,Cash
ORD10307,2025-06-04,CUST398,Grocery,Biscuits,3,299,897,Pune,Card
ORD10123,2025-06-11,CUST229,Home,Mixer Grinder,4,99,396,Mumbai,Cash
ORD10900,2025-09-08,CUST299,Grocery,Rice 5kg,5,199,995,Lucknow,Card
ORD10965,2025-08-01,CUST326,Electronics,Mobile Charger,4,1499,5996,Mumbai,Cash
ORD10510,2025-12-20,CUST221,Home,Mixer Grinder,4,299,1196,Lucknow,Card
ORD10745,2025-04-20,CUST292,Clothing,Jeans,5,999,4995,Kolkata,Card
ORD10995,2025-08-27,CUST156,Home,Mixer Grinder,3,99,297,Jaipur,Cash
ORD10984,2025-03-02,CUST213,Grocery,Tea Pack,1,1499,1499,Delhi,Card
ORD10272,2025-08-28,CUST355,Grocery,Cooking Oil,4,999,3996,Mumbai,UPI
ORD10362,2025-05-18,CUST178,Clothing,Jeans,1,99,99,Kanpur,Card
ORD10936,2025-06-20,CUST371,Electronics,Headphones,4,1499,5996,Lucknow,UPI
ORD10278,2025-07-11,CUST273,Electronics,Mobile Charger,1,499,499,Jaipur,UPI
ORD10873,2025-11-01,CUST178,Electronics,Smart Watch,1,199,199,Kolkata,UPI
ORD10937,2025-10-22,CUST206,Home,Water Bottle,5,999,4995,Kolkata,Card
ORD10830,2025-06-09,CUST207,Electronics,Smart Watch,1,999,999,Mumbai,Cash
ORD10971,2025-05-15,CUST253,Grocery,Rice 5kg,1,199,199,Pune,Card
ORD10970,2025-09-10,CUST386,Electronics,Smart Watch,5,299,1495,Pune,UPI
ORD10148,2025-05-02,CUST295,Grocery,Biscuits,4,99,396,Jaipur,UPI
ORD10300,2025-09-11,CUST195,Grocery,Rice 5kg,4,2499,9996,Pune,UPI
ORD10735,2025-09-06,CUST198,Grocery,Rice 5kg,2,99,198,Lucknow,Cash
ORD10916,2025-01-28,CUST199,Grocery,Biscuits,2,299,598,Lucknow,Cash
ORD10935,2025-07-09,CUST337,Home,Bedsheet,4,199,796,Pune,Card
ORD10875,2025-03-01,CUST126,Clothing,T-Shirt,3,2499,7497,Delhi,UPI
ORD10052,2025-02-22,CUST281,Clothing,Jeans,2,1499,2998,Kolkata,Card
ORD10906,2025-02-24,CUST158,Home,Bedsheet,5,99,495,Kanpur,Card
ORD10624,2025-05-24,CUST171,Electronics,Mobile Charger,5,99,495,Jaipur,Cash
ORD10023,2025-09-01,CUST381,Electronics,Mobile Charger,2,1499,2998,Delhi,UPI
ORD10501,2025-09-01,CUST253,Home,Table Lamp,5,199,995,Lucknow,UPI
ORD10695,2025-07-05,CUST400,Clothing,Kurta,3,499,1497,Jaipur,UPI
ORD10665,2025-05-26,CUST386,Electronics,Headphones,1,999,999,Jaipur,UPI
ORD10210,2025-06-23,CUST126,Clothing,Kurta,4,2499,9996,Kolkata,Card
ORD10410,2025-02-02,CUST373,Electronics,Bluetooth Speaker,3,2499,7497,Kanpur,Cash
ORD10143,2025-07-30,CUST389,Home,Bedsheet,2,999,1998,Pune,Cash
ORD10051,2025-06-07,CUST286,Grocery,Biscuits,2,99,198,Kolkata,Cash
ORD10167,2025-05-22,CUST174,Clothing,Jeans,5,99,495,Delhi,Card
ORD10687,2025-05-09,CUST387,Grocery,Tea Pack,4,299,1196,Kolkata,Card
ORD10583,2025-11-16,CUST248,Clothing,Jeans,2,199,398,Pune,UPI
ORD10082,2025-01-26,CUST233,Home,Bedsheet,4,199,796,Kanpur,UPI
ORD10573,2025-10-14,CUST342,Electronics,Mobile Charger,4,299,1196,Pune,Card
ORD10322,2025-08-26,CUST378,Grocery,Rice 5kg,1,299,299,Kanpur,Card
ORD10985,2025-04-18,CUST166,Grocery,Cooking Oil,3,199,597,Lucknow,UPI
ORD10994,2025-08-06,CUST209,Electronics,Mobile Charger,3,499,1497,Jaipur,Cash
ORD10443,2025-02-09,CUST392,Grocery,Biscuits,3,299,897,Mumbai,Cash
ORD10067,2025-01-13,CUST123,Clothing,Jeans,2,199,398,Delhi,UPI
ORD10335,2025-07-13,CUST120,Electronics,Mobile Charger,1,299,299,Kolkata,Cash
ORD10954,2025-04-05,CUST205,Grocery,Biscuits,3,299,897,Jaipur,Card
ORD10726,2025-12-19,CUST293,Clothing,Kurta,2,99,198,Mumbai,Card
ORD10290,2025-04-09,CUST226,Clothing,Jacket,5,499,2495,Mumbai,Card
ORD10858,2025-09-07,CUST323,Electronics,Headphones,2,1499,2998,Delhi,Cash
ORD10650,2025-09-02,CUST219,Electronics,Bluetooth Speaker,2,299,598,Kolkata,Cash
ORD10284,2025-05-16,CUST396,Clothing,T-Shirt,5,499,2495,Jaipur,Cash
ORD10822,2025-11-17,CUST373,Clothing,T-Shirt,3,499,1497,Kolkata,Cash
ORD10569,2025-05-01,CUST140,Grocery,Biscuits,4,2499,9996,Kanpur,UPI
ORD10065,2025-08-15,CUST209,Home,Water Bottle,4,499,1996,Jaipur,UPI
ORD10715,2025-08-26,CUST116,Home,Water Bottle,4,299,1196,Mumbai,Cash
ORD10265,2025-01-16,CUST354,Grocery,Biscuits,5,1499,7495,Pune,Card
ORD10467,2025-04-13,CUST369,Clothing,Kurta,2,499,998,Delhi,Card
ORD10597,2025-02-04,CUST358,Clothing,Jeans,2,999,1998,Delhi,UPI
ORD10633,2025-10-19,CUST189,Clothing,Jacket,5,999,4995,Kanpur,Card
ORD10021,2025-02-27,CUST285,Electronics,Smart Watch,4,99,396,Kolkata,UPI
ORD10460,2025-03-13,CUST162,Grocery,Rice 5kg,4,99,396,Lucknow,Cash
ORD10846,2025-09-07,CUST158,Grocery,Rice 5kg,5,2499,12495,Jaipur,Card
ORD10768,2025-12-23,CUST238,Grocery,Rice 5kg,3,199,597,Lucknow,UPI
ORD10297,2025-10-09,CUST180,Home,Mixer Grinder,2,99,198,Kanpur,Card
ORD10724,2025-07-02,CUST178,Electronics,Smart Watch,1,99,99,Pune,Card
ORD10782,2025-11-10,CUST218,Electronics,Smart Watch,5,999,4995,Jaipur,Cash
ORD10262,2025-10-01,CUST147,Clothing,Jeans,3,999,2997,Jaipur,Card
ORD10961,2025-02-12,CUST375,Grocery,Tea Pack,2,99,198,Kolkata,UPI
ORD10079,2025-05-20,CUST323,Home,Bedsheet,4,199,796,Kanpur,Cash
ORD10701,2025-06-16,CUST343,Electronics,Headphones,3,2499,7497,Kanpur,Card
ORD10398,2025-01-17,CUST240,Electronics,Headphones,2,299,598,Delhi,Card
ORD10902,2025-03-02,CUST208,Electronics,Smart Watch,1,499,499,Kolkata,Card
ORD10505,2025-08-23,CUST106,Home,Water Bottle,3,999,2997,Kolkata,Card
ORD10779,2025-10-13,CUST372,Grocery,Cooking Oil,3,99,297,Pune,Cash
ORD10910,2025-01-21,CUST168,Grocery,Biscuits,2,999,1998,Lucknow,Card
ORD10189,2025-11-13,CUST125,Electronics,Mobile Charger,2,2499,4998,Pune,Cash
ORD10252,2025-12-22,CUST351,Home,Bedsheet,5,299,1495,Delhi,Cash
ORD10102,2025-04-09,CUST261,Clothing,Jeans,1,1499,1499,Lucknow,Card
ORD10524,2025-11-16,CUST303,Home,Water Bottle,5,2499,12495,Jaipur,Cash
ORD10420,2025-03-10,CUST173,Clothing,Jacket,2,499,998,Lucknow,Card
ORD10413,2025-03-22,CUST325,Home,Mixer Grinder,1,2499,2499,Kanpur,Cash
ORD10890,2025-08-09,CUST211,Electronics,Mobile Charger,5,2499,12495,Jaipur,Card
ORD10982,2025-03-01,CUST167,Electronics,Bluetooth Speaker,4,99,396,Lucknow,UPI
ORD10917,2025-12-10,CUST122,Home,Table Lamp,2,199,398,Lucknow,Card
ORD10152,2025-06-01,CUST267,Electronics,Smart Watch,2,99,198,Pune,UPI
ORD10432,2025-09-19,CUST204,Clothing,T-Shirt,3,99,297,Kolkata,Cash
ORD10331,2025-06-03,CUST292,Clothing,Kurta,4,199,796,Delhi,Card
ORD10570,2025-06-11,CUST160,Home,Mixer Grinder,4,499,1996,Kanpur,Card
ORD10616,2025-11-12,CUST229,Grocery,Cooking Oil,2,199,398,Delhi,Cash
ORD10385,2025-06-19,CUST386,Grocery,Cooking Oil,5,199,995,Kanpur,UPI
ORD10756,2025-09-16,CUST146,Home,Table Lamp,5,999,4995,Delhi,UPI
ORD10366,2025-07-31,CUST298,Clothing,Kurta,1,299,299,Kolkata,Cash
ORD10282,2025-09-18,CUST372,Clothing,Jacket,5,2499,12495,Kanpur,Card
ORD10930,2025-01-21,CUST340,Grocery,Rice 5kg,4,99,396,Pune,Card
ORD10535,2025-03-03,CUST295,Electronics,Bluetooth Speaker,2,999,1998,Jaipur,UPI
ORD10749,2025-07-02,CUST179,Grocery,Rice 5kg,1,499,499,Delhi,UPI
ORD10483,2025-06-19,CUST139,Grocery,Rice 5kg,4,199,796,Delhi,UPI
ORD10418,2025-03-03,CUST316,Electronics,Headphones,3,2499,7497,Pune,Cash
ORD10208,2025-11-27,CUST188,Electronics,Smart Watch,1,999,999,Lucknow,Cash
ORD10527,2025-09-22,CUST223,Clothing,Jacket,2,199,398,Lucknow,Card
ORD10219,2025-08-18,CUST219,Grocery,Biscuits,5,299,1495,Jaipur,Cash
ORD10240,2025-01-25,CUST269,Grocery,Tea Pack,3,2499,7497,Mumbai,Cash
ORD10854,2025-01-16,CUST220,Clothing,T-Shirt,3,2499,7497,Kanpur,Card
ORD10356,2025-12-31,CUST303,Electronics,Mobile Charger,5,199,995,Lucknow,UPI
ORD10581,2025-06-25,CUST250,Home,Bedsheet,3,499,1497,Kanpur,Cash
ORD10193,2025-05-11,CUST248,Clothing,Jeans,2,2499,4998,Mumbai,Cash
ORD10281,2025-03-25,CUST301,Grocery,Tea Pack,5,299,1495,Jaipur,Card
ORD10192,2025-07-22,CUST128,Home,Water Bottle,1,199,199,Lucknow,Cash
ORD10500,2025-10-11,CUST131,Clothing,Kurta,5,199,995,Kolkata,UPI
ORD10485,2025-02-04,CUST279,Clothing,Jeans,2,1499,2998,Mumbai,Cash
ORD10452,2025-10-18,CUST131,Grocery,Biscuits,1,999,999,Kanpur,Card
ORD10133,2025-10-10,CUST378,Home,Table Lamp,3,299,897,Kanpur,UPI
ORD10566,2025-12-13,CUST297,Grocery,Biscuits,3,1499,4497,Delhi,Card
ORD10447,2025-05-06,CUST177,Home,Bedsheet,5,2499,12495,Lucknow,UPI
ORD10253,2025-08-16,CUST144,Grocery,Rice 5kg,4,199,796,Kolkata,Card
ORD10568,2025-06-19,CUST242,Electronics,Bluetooth Speaker,3,199,597,Lucknow,Card
ORD10264,2025-11-25,CUST395,Electronics,Headphones,1,99,99,Mumbai,Card
ORD10071,2025-08-26,CUST371,Grocery,Rice 5kg,4,199,796,Jaipur,Card
ORD10113,2025-02-08,CUST180,Grocery,Cooking Oil,2,999,1998,Lucknow,UPI
ORD10328,2025-12-05,CUST366,Clothing,Jeans,3,199,597,Delhi,UPI
ORD10116,2025-03-14,CUST136,Grocery,Cooking Oil,3,2499,7497,Lucknow,Cash
ORD10324,2025-01-09,CUST223,Electronics,Headphones,4,999,3996,Delhi,Cash
ORD10615,2025-06-26,CUST208,Electronics,Smart Watch,2,1499,2998,Kanpur,Card
ORD10733,2025-06-15,CUST309,Home,Bedsheet,5,299,1495,Pune,UPI
ORD10826,2025-09-05,CUST356,Electronics,Bluetooth Speaker,5,99,495,Delhi,Cash
ORD10686,2025-01-05,CUST190,Grocery,Cooking Oil,2,499,998,Kanpur,UPI
ORD10886,2025-08-28,CUST138,Electronics,Mobile Charger,3,299,897,Pune,UPI
ORD10531,2025-05-31,CUST149,Clothing,Jeans,5,199,995,Kanpur,Cash
ORD10975,2025-10-25,CUST129,Clothing,T-Shirt,3,199,597,Delhi,UPI
ORD10769,2025-05-19,CUST284,Electronics,Headphones,4,1499,5996,Kolkata,Cash
ORD10458,2025-07-22,CUST362,Grocery,Rice 5kg,2,299,598,Lucknow,Card
ORD10620,2025-12-04,CUST256,Home,Table Lamp,3,999,2997,Pune,Card
ORD10591,2025-08-15,CUST215,Electronics,Smart Watch,2,999,1998,Pune,Card
ORD10674,2025-04-04,CUST197,Clothing,Jeans,5,299,1495,Kanpur,Card
ORD10279,2025-07-25,CUST356,Grocery,Cooking Oil,5,999,4995,Lucknow,Cash
ORD10864,2025-09-25,CUST145,Clothing,Kurta,5,99,495,Delhi,UPI
ORD10716,2025-07-20,CUST136,Grocery,Rice 5kg,3,2499,7497,Jaipur,UPI
ORD10003,2025-04-23,CUST329,Electronics,Mobile Charger,5,499,2495,Jaipur,UPI
ORD10230,2025-11-15,CUST334,Electronics,Mobile Charger,4,1499,5996,Lucknow,Cash
ORD10776,2025-10-21,CUST178,Home,Bedsheet,4,199,796,Kanpur,UPI
ORD10895,2025-10-02,CUST283,Home,Table Lamp,1,999,999,Mumbai,Card
ORD10944,2025-02-14,CUST141,Clothing,T-Shirt,2,499,998,Kanpur,Cash
ORD10805,2025-12-21,CUST393,Grocery,Tea Pack,5,1499,7495,Kolkata,Card
ORD10200,2025-02-28,CUST371,Grocery,Rice 5kg,5,1499,7495,Jaipur,Cash
ORD10372,2025-07-23,CUST263,Grocery,Biscuits,3,199,597,Mumbai,Card
ORD10946,2025-11-18,CUST111,Home,Bedsheet,2,999,1998,Mumbai,UPI
ORD10571,2025-01-19,CUST385,Electronics,Headphones,4,499,1996,Jaipur,Cash
ORD10438,2025-10-23,CUST139,Clothing,T-Shirt,3,1499,4497,Kanpur,UPI
ORD10725,2025-06-12,CUST385,Electronics,Mobile Charger,4,199,796,Kolkata,Card
ORD10066,2025-12-06,CUST271,Grocery,Rice 5kg,3,999,2997,Lucknow,Cash
ORD10308,2025-05-01,CUST131,Electronics,Smart Watch,3,1499,4497,Pune,Cash
ORD10041,2025-06-10,CUST222,Clothing,Jacket,2,1499,2998,Mumbai,UPI
ORD10816,2025-06-15,CUST103,Clothing,Jacket,5,999,4995,Lucknow,Card
ORD10729,2025-10-11,CUST182,Home,Water Bottle,5,2499,12495,Lucknow,Card
ORD10977,2025-09-29,CUST139,Clothing,T-Shirt,3,299,897,Jaipur,Cash
ORD10558,2025-07-03,CUST324,Electronics,Mobile Charger,2,299,598,Jaipur,UPI
ORD10375,2025-11-21,CUST255,Electronics,Bluetooth Speaker,4,199,796,Delhi,UPI
ORD10713,2025-05-18,CUST164,Electronics,Mobile Charger,1,299,299,Pune,UPI
ORD10621,2025-03-28,CUST102,Grocery,Tea Pack,3,499,1497,Mumbai,Cash
ORD10274,2025-09-11,CUST340,Clothing,T-Shirt,1,299,299,Mumbai,Card
ORD10766,2025-09-25,CUST232,Grocery,Cooking Oil,2,999,1998,Jaipur,UPI
ORD10908,2025-01-24,CUST188,Grocery,Tea Pack,2,2499,4998,Mumbai,Cash
ORD10708,2025-11-27,CUST299,Home,Table Lamp,2,199,398,Kolkata,UPI
ORD10942,2025-07-10,CUST276,Home,Water Bottle,1,99,99,Kanpur,UPI
ORD10178,2025-12-07,CUST230,Electronics,Smart Watch,4,299,1196,Mumbai,Cash
ORD10301,2025-11-05,CUST154,Electronics,Headphones,3,999,2997,Mumbai,UPI
ORD10038,2025-09-15,CUST371,Electronics,Headphones,5,499,2495,Delhi,Cash
ORD10354,2025-12-21,CUST390,Electronics,Mobile Charger,2,2499,4998,Kanpur,UPI
ORD10203,2025-08-14,CUST134,Home,Water Bottle,3,199,597,Kanpur,UPI
ORD10721,2025-11-21,CUST322,Electronics,Mobile Charger,1,199,199,Mumbai,Cash
ORD10237,2025-04-04,CUST169,Grocery,Biscuits,4,1499,5996,Lucknow,Card
ORD10150,2025-04-28,CUST280,Electronics,Bluetooth Speaker,3,2499,7497,Delhi,Card
ORD10987,2025-01-31,CUST340,Electronics,Headphones,5,999,4995,Lucknow,UPI
ORD10448,2025-11-22,CUST104,Electronics,Mobile Charger,5,299,1495,Mumbai,Cash
ORD10218,2025-07-30,CUST286,Grocery,Cooking Oil,4,99,396,Pune,Card
ORD10744,2025-11-21,CUST320,Clothing,Jacket,4,2499,9996,Kolkata,Card
ORD10493,2025-01-26,CUST301,Clothing,Jacket,2,99,198,Jaipur,Card
ORD10925,2025-10-19,CUST130,Clothing,Jeans,1,1499,1499,Jaipur,UPI
ORD10723,2025-02-15,CUST227,Home,Bedsheet,3,2499,7497,Delhi,UPI
ORD10499,2025-12-23,CUST149,Clothing,T-Shirt,2,2499,4998,Lucknow,Card
ORD10303,2025-08-23,CUST231,Electronics,Smart Watch,2,1499,2998,Pune,Cash
ORD10943,2025-09-30,CUST249,Electronics,Bluetooth Speaker,5,1499,7495,Kanpur,Card
ORD10738,2025-08-01,CUST288,Home,Mixer Grinder,3,999,2997,Kolkata,Card
ORD10105,2025-01-28,CUST383,Electronics,Mobile Charger,3,99,297,Mumbai,Card
ORD10389,2025-05-15,CUST350,Clothing,Jeans,4,99,396,Jaipur,Card
ORD10479,2025-03-22,CUST323,Clothing,Jacket,3,199,597,Kolkata,Card
ORD10512,2025-06-03,CUST326,Home,Mixer Grinder,2,199,398,Kolkata,UPI
ORD10423,2025-03-13,CUST226,Home,Water Bottle,4,299,1196,Mumbai,Card
ORD10388,2025-02-22,CUST374,Grocery,Tea Pack,1,999,999,Delhi,UPI
ORD10592,2025-08-18,CUST190,Clothing,Jeans,2,299,598,Pune,Cash
ORD10391,2025-10-30,CUST143,Home,Bedsheet,3,999,2997,Pune,Cash
ORD10832,2025-02-28,CUST107,Clothing,Jeans,2,299,598,Jaipur,Card
ORD10353,2025-08-11,CUST269,Electronics,Mobile Charger,1,499,499,Jaipur,Cash
ORD10194,2025-03-08,CUST294,Electronics,Bluetooth Speaker,4,199,796,Jaipur,Card
ORD10236,2025-10-07,CUST273,Clothing,Jeans,1,299,299,Kolkata,Card
ORD10791,2025-05-27,CUST336,Home,Table Lamp,3,2499,7497,Delhi,UPI
ORD10918,2025-05-09,CUST271,Clothing,Jacket,2,499,998,Jaipur,UPI
ORD10481,2025-12-19,CUST250,Grocery,Biscuits,3,1499,4497,Delhi,Cash
ORD10849,2025-03-13,CUST397,Electronics,Headphones,2,2499,4998,Kolkata,Card
ORD10056,2025-01-13,CUST198,Clothing,Jacket,2,199,398,Kanpur,UPI
ORD10117,2025-08-28,CUST255,Clothing,Jacket,4,99,396,Pune,UPI
ORD10841,2025-03-29,CUST244,Electronics,Smart Watch,4,499,1996,Kolkata,UPI
ORD10999,2025-12-12,CUST351,Home,Water Bottle,2,99,198,Pune,Cash
ORD10675,2025-05-16,CUST205,Grocery,Cooking Oil,2,2499,4998,Delhi,Cash
ORD10802,2025-01-04,CUST225,Home,Mixer Grinder,5,999,4995,Jaipur,UPI
ORD10121,2025-06-28,CUST309,Home,Table Lamp,1,499,499,Mumbai,UPI
ORD10761,2025-07-07,CUST278,Electronics,Headphones,4,499,1996,Delhi,UPI
ORD10794,2025-08-21,CUST203,Clothing,Kurta,1,199,199,Kanpur,Cash
ORD10622,2025-07-04,CUST168,Grocery,Biscuits,3,2499,7497,Pune,Card
ORD10063,2025-12-07,CUST294,Clothing,Jeans,2,499,998,Pune,Card
ORD10454,2025-04-30,CUST138,Clothing,Jacket,4,299,1196,Delhi,Cash
ORD10516,2025-01-30,CUST227,Grocery,Cooking Oil,2,2499,4998,Lucknow,UPI
ORD10224,2025-08-19,CUST278,Grocery,Biscuits,1,199,199,Lucknow,UPI
ORD10222,2025-09-04,CUST290,Grocery,Tea Pack,1,1499,1499,Jaipur,Cash
ORD10834,2025-06-09,CUST273,Clothing,Jeans,2,99,198,Jaipur,UPI
ORD10466,2025-10-09,CUST345,Grocery,Tea Pack,4,499,1996,Lucknow,Cash
ORD10053,2025-03-25,CUST190,Home,Bedsheet,2,2499,4998,Kanpur,Cash
ORD10486,2025-08-03,CUST185,Electronics,Headphones,4,499,1996,Kanpur,UPI
ORD10998,2025-08-08,CUST196,Grocery,Biscuits,3,2499,7497,Kolkata,Cash
ORD10730,2025-05-15,CUST377,Grocery,Biscuits,3,2499,7497,Mumbai,UPI
ORD10156,2025-05-16,CUST374,Clothing,T-Shirt,4,99,396,Lucknow,UPI
ORD10879,2025-05-20,CUST271,Clothing,Kurta,5,1499,7495,Mumbai,UPI
ORD10704,2025-06-07,CUST287,Home,Bedsheet,1,499,499,Kanpur,UPI
ORD10249,2025-08-16,CUST139,Grocery,Biscuits,3,299,897,Jaipur,Cash
ORD10442,2025-12-02,CUST314,Grocery,Cooking Oil,1,999,999,Delhi,UPI
ORD10118,2025-11-03,CUST120,Clothing,Kurta,4,99,396,Kanpur,Card
ORD10572,2025-04-16,CUST333,Electronics,Smart Watch,5,999,4995,Mumbai,UPI
ORD10732,2025-10-03,CUST298,Grocery,Tea Pack,1,1499,1499,Delhi,Card
ORD10292,2025-10-14,CUST240,Home,Water Bottle,4,299,1196,Mumbai,Cash
ORD10923,2025-04-21,CUST332,Home,Mixer Grinder,4,199,796,Delhi,UPI
ORD10382,2025-08-22,CUST205,Grocery,Tea Pack,3,299,897,Jaipur,UPI
ORD10656,2025-03-12,CUST160,Clothing,Jacket,4,1499,5996,Pune,Cash
ORD10201,2025-02-22,CUST174,Clothing,Jacket,2,199,398,Mumbai,Cash
ORD10783,2025-12-19,CUST344,Grocery,Rice 5kg,3,99,297,Delhi,Card
ORD10992,2025-10-03,CUST102,Grocery,Tea Pack,2,2499,4998,Pune,Cash
ORD10506,2025-03-17,CUST390,Home,Mixer Grinder,4,199,796,Jaipur,Card
ORD10838,2025-08-22,CUST258,Grocery,Rice 5kg,4,99,396,Pune,Card
ORD10341,2025-06-18,CUST217,Home,Water Bottle,2,199,398,Kanpur,Card
ORD10155,2025-04-26,CUST303,Electronics,Bluetooth Speaker,1,199,199,Kolkata,Card
ORD10405,2025-05-30,CUST248,Clothing,Jeans,3,1499,4497,Jaipur,UPI
ORD10612,2025-04-23,CUST169,Electronics,Bluetooth Speaker,2,999,1998,Pune,UPI
ORD10959,2025-11-13,CUST212,Electronics,Smart Watch,1,499,499,Kanpur,UPI
ORD10862,2025-10-23,CUST287,Grocery,Tea Pack,4,999,3996,Lucknow,Cash
ORD10323,2025-06-27,CUST179,Home,Bedsheet,2,499,998,Mumbai,Cash
ORD10663,2025-05-03,CUST100,Grocery,Cooking Oil,1,299,299,Delhi,Cash
ORD10643,2025-03-15,CUST398,Grocery,Cooking Oil,4,999,3996,Kolkata,Cash
ORD10083,2025-07-14,CUST242,Grocery,Biscuits,3,299,897,Kolkata,UPI
ORD10683,2025-08-06,CUST207,Clothing,Jacket,2,499,998,Lucknow,Cash
ORD10465,2025-08-17,CUST176,Grocery,Cooking Oil,3,299,897,Lucknow,Card
ORD10737,2025-12-02,CUST351,Grocery,Rice 5kg,1,199,199,Kolkata,Cash
ORD10722,2025-07-22,CUST224,Grocery,Tea Pack,5,99,495,Lucknow,Cash
ORD10334,2025-02-10,CUST330,Clothing,Jeans,3,1499,4497,Kolkata,UPI
ORD10011,2025-01-29,CUST217,Clothing,Jeans,3,2499,7497,Kolkata,Cash
ORD10471,2025-12-03,CUST223,Grocery,Cooking Oil,1,199,199,Mumbai,Card
ORD10033,2025-01-26,CUST376,Electronics,Bluetooth Speaker,5,99,495,Kolkata,Cash
ORD10880,2025-08-25,CUST223,Electronics,Smart Watch,5,499,2495,Pune,Card
ORD10963,2025-08-07,CUST289,Clothing,Kurta,2,1499,2998,Kanpur,UPI
ORD10383,2025-12-23,CUST331,Clothing,Kurta,1,499,499,Mumbai,Cash
ORD10859,2025-12-23,CUST317,Grocery,Biscuits,4,2499,9996,Jaipur,Cash
ORD10610,2025-02-24,CUST248,Electronics,Headphones,3,999,2997,Kolkata,Card
ORD10988,2025-01-06,CUST149,Electronics,Headphones,3,1499,4497,Kolkata,Cash
ORD10997,2025-11-04,CUST259,Electronics,Bluetooth Speaker,3,499,1497,Pune,UPI
ORD10379,2025-05-13,CUST213,Home,Mixer Grinder,1,99,99,Jaipur,Card
ORD10090,2025-01-22,CUST277,Clothing,T-Shirt,5,2499,12495,Jaipur,UPI
ORD10214,2025-11-27,CUST316,Clothing,Jeans,5,99,495,Jaipur,UPI
ORD10641,2025-05-13,CUST192,Electronics,Mobile Charger,1,199,199,Kolkata,Card
ORD10134,2025-07-16,CUST219,Clothing,Jeans,2,999,1998,Kolkata,UPI
ORD10347,2025-09-30,CUST382,Home,Table Lamp,1,99,99,Kanpur,Cash
ORD10811,2025-11-16,CUST281,Clothing,Jacket,5,999,4995,Delhi,Card
ORD10008,2025-05-23,CUST332,Electronics,Mobile Charger,1,499,499,Pune,UPI
ORD10678,2025-09-19,CUST243,Home,Water Bottle,4,199,796,Kanpur,Cash
ORD10321,2025-10-03,CUST301,Grocery,Tea Pack,1,199,199,Jaipur,Cash
ORD10856,2025-10-12,CUST296,Grocery,Biscuits,2,199,398,Kolkata,UPI
ORD10188,2025-06-16,CUST390,Grocery,Tea Pack,3,1499,4497,Jaipur,Cash
ORD10553,2025-09-04,CUST269,Electronics,Bluetooth Speaker,2,1499,2998,Delhi,Cash
ORD10305,2025-02-14,CUST305,Home,Table Lamp,5,299,1495,Pune,Cash
ORD10032,2025-04-04,CUST242,Grocery,Biscuits,2,499,998,Kanpur,Cash
ORD10672,2025-01-05,CUST234,Home,Water Bottle,5,999,4995,Delhi,UPI
ORD10241,2025-08-14,CUST297,Clothing,Kurta,4,1499,5996,Mumbai,Cash
ORD10796,2025-12-29,CUST296,Home,Water Bottle,1,999,999,Pune,Card
ORD10175,2025-05-31,CUST332,Clothing,Kurta,5,999,4995,Jaipur,Card
ORD10246,2025-12-10,CUST307,Home,Water Bottle,1,99,99,Mumbai,Card
ORD10057,2025-11-25,CUST360,Clothing,T-Shirt,3,299,897,Kanpur,Card
ORD10584,2025-12-22,CUST265,Grocery,Cooking Oil,5,999,4995,Pune,Cash
ORD10821,2025-06-19,CUST281,Electronics,Mobile Charger,5,1499,7495,Lucknow,Cash
ORD10146,2025-10-07,CUST180,Electronics,Bluetooth Speaker,3,1499,4497,Lucknow,UPI
ORD10091,2025-06-24,CUST106,Clothing,T-Shirt,5,1499,7495,Kolkata,UPI
ORD10393,2025-03-12,CUST394,Grocery,Biscuits,4,999,3996,Kanpur,UPI
ORD10311,2025-08-01,CUST381,Grocery,Biscuits,5,299,1495,Kanpur,Card
ORD10360,2025-04-27,CUST282,Electronics,Smart Watch,4,499,1996,Jaipur,UPI
ORD10094,2025-06-15,CUST225,Home,Table Lamp,5,299,1495,Kolkata,Cash
ORD10759,2025-04-12,CUST349,Grocery,Cooking Oil,4,999,3996,Kanpur,Card
ORD10899,2025-08-13,CUST197,Clothing,Kurta,1,1499,1499,Delhi,Cash
ORD10377,2025-10-02,CUST143,Home,Mixer Grinder,3,1499,4497,Lucknow,Cash
ORD10244,2025-06-01,CUST256,Electronics,Headphones,3,1499,4497,Kanpur,Card
ORD10901,2025-08-19,CUST108,Clothing,Kurta,5,2499,12495,Lucknow,UPI
ORD10088,2025-06-09,CUST394,Clothing,T-Shirt,5,99,495,Pune,UPI
ORD10215,2025-04-20,CUST274,Electronics,Smart Watch,3,199,597,Kolkata,UPI
ORD10445,2025-02-14,CUST383,Home,Water Bottle,3,299,897,Kanpur,Cash
ORD10174,2025-11-21,CUST399,Electronics,Mobile Charger,3,999,2997,Jaipur,Card
ORD10426,2025-05-03,CUST353,Home,Water Bottle,1,2499,2499,Kanpur,Cash
ORD10119,2025-04-28,CUST394,Clothing,Jacket,1,99,99,Jaipur,Cash
ORD10120,2025-09-23,CUST326,Clothing,T-Shirt,2,499,998,Mumbai,Cash
ORD10697,2025-07-23,CUST152,Clothing,T-Shirt,2,199,398,Lucknow,Cash
ORD10001,2025-04-25,CUST171,Electronics,Headphones,3,199,597,Pune,Cash
ORD10395,2025-06-11,CUST330,Home,Water Bottle,2,199,398,Jaipur,Cash
ORD10402,2025-02-14,CUST324,Home,Water Bottle,3,2499,7497,Kolkata,Cash
ORD10677,2025-09-04,CUST290,Home,Mixer Grinder,5,99,495,Jaipur,UPI
ORD10893,2025-06-18,CUST300,Home,Water Bottle,2,1499,2998,Jaipur,Cash
ORD10163,2025-05-01,CUST285,Clothing,Jeans,4,499,1996,Lucknow,Card
ORD10115,2025-11-17,CUST201,Home,Mixer Grinder,2,299,598,Kanpur,Cash
ORD10151,2025-02-19,CUST120,Grocery,Tea Pack,2,1499,2998,Mumbai,UPI
ORD10795,2025-03-05,CUST146,Clothing,Jacket,2,1499,2998,Lucknow,Card
ORD10369,2025-05-07,CUST353,Home,Mixer Grinder,3,299,897,Jaipur,Card
ORD10544,2025-09-08,CUST283,Clothing,Kurta,2,299,598,Kolkata,Cash
ORD10478,2025-12-27,CUST302,Electronics,Smart Watch,1,299,299,Jaipur,Cash
ORD10981,2025-09-15,CUST213,Grocery,Rice 5kg,2,199,398,Kolkata,Cash
ORD10533,2025-05-14,CUST399,Clothing,Kurta,3,299,897,Mumbai,UPI
ORD10626,2025-05-14,CUST378,Home,Bedsheet,1,999,999,Jaipur,UPI
ORD10513,2025-02-15,CUST196,Clothing,Kurta,5,1499,7495,Kanpur,Cash
ORD10808,2025-03-04,CUST240,Electronics,Smart Watch,4,199,796,Mumbai,Card
ORD10073,2025-05-13,CUST226,Home,Bedsheet,4,499,1996,Kolkata,Card
ORD10259,2025-10-28,CUST193,Clothing,Jeans,5,1499,7495,Kolkata,Cash
ORD10625,2025-09-17,CUST115,Clothing,T-Shirt,1,99,99,Kolkata,Card
ORD10926,2025-03-29,CUST275,Electronics,Bluetooth Speaker,4,499,1996,Delhi,UPI
ORD10136,2025-09-15,CUST269,Grocery,Biscuits,1,199,199,Kolkata,Cash
ORD10617,2025-11-27,CUST381,Grocery,Rice 5kg,5,499,2495,Lucknow,UPI
ORD10969,2025-07-15,CUST248,Grocery,Cooking Oil,2,2499,4998,Jaipur,UPI
ORD10734,2025-02-04,CUST122,Electronics,Headphones,5,1499,7495,Kolkata,Cash
ORD10593,2025-07-13,CUST120,Grocery,Cooking Oil,5,99,495,Kanpur,UPI
ORD10870,2025-05-24,CUST240,Clothing,Jacket,2,999,1998,Kolkata,UPI
ORD10502,2025-08-18,CUST188,Electronics,Mobile Charger,1,2499,2499,Delhi,Cash
ORD10539,2025-11-11,CUST322,Grocery,Biscuits,1,199,199,Pune,UPI
ORD10717,2025-07-15,CUST106,Grocery,Cooking Oil,3,2499,7497,Lucknow,Card
ORD10582,2025-09-20,CUST253,Grocery,Biscuits,5,1499,7495,Kolkata,Card
ORD10344,2025-01-31,CUST368,Home,Bedsheet,5,1499,7495,Lucknow,Cash
ORD10741,2025-10-13,CUST312,Grocery,Cooking Oil,5,1499,7495,Pune,Cash
ORD10294,2025-05-12,CUST345,Electronics,Smart Watch,4,1499,5996,Delhi,Cash
ORD10365,2025-02-15,CUST281,Home,Table Lamp,1,99,99,Jaipur,Cash
ORD10660,2025-12-02,CUST366,Electronics,Bluetooth Speaker,4,999,3996,Mumbai,Card
ORD10015,2025-01-25,CUST156,Grocery,Biscuits,1,2499,2499,Delhi,Card
ORD10087,2025-11-07,CUST158,Clothing,Jacket,2,999,1998,Kolkata,Cash
ORD10371,2025-08-09,CUST169,Home,Water Bottle,4,299,1196,Mumbai,UPI
ORD10166,2025-10-28,CUST210,Grocery,Rice 5kg,5,199,995,Kolkata,Cash
ORD10964,2025-06-07,CUST328,Electronics,Smart Watch,3,299,897,Kolkata,Card
ORD10336,2025-06-20,CUST255,Grocery,Cooking Oil,4,199,796,Lucknow,Cash
ORD10060,2025-05-11,CUST122,Electronics,Bluetooth Speaker,5,199,995,Pune,UPI
ORD10355,2025-10-16,CUST116,Electronics,Headphones,3,999,2997,Delhi,UPI
ORD10425,2025-11-07,CUST360,Electronics,Smart Watch,2,999,1998,Delhi,Card
ORD10293,2025-03-16,CUST248,Home,Table Lamp,3,2499,7497,Lucknow,UPI
ORD10042,2025-02-07,CUST104,Grocery,Tea Pack,4,299,1196,Kanpur,Card
ORD10330,2025-11-26,CUST295,Home,Table Lamp,1,299,299,Kolkata,Card
ORD10430,2025-05-27,CUST356,Electronics,Headphones,4,999,3996,Kolkata,UPI
ORD10080,2025-03-26,CUST339,Home,Water Bottle,4,1499,5996,Delhi,Card
ORD10029,2025-07-28,CUST197,Home,Bedsheet,4,2499,9996,Lucknow,Cash
ORD10255,2025-03-04,CUST202,Grocery,Tea Pack,5,199,995,Kolkata,Cash
ORD10459,2025-07-27,CUST331,Clothing,Jacket,2,99,198,Jaipur,Card
ORD10384,2025-06-25,CUST155,Clothing,T-Shirt,1,99,99,Pune,Cash
ORD10314,2025-09-24,CUST326,Grocery,Cooking Oil,3,2499,7497,Lucknow,Card
ORD10085,2025-04-13,CUST110,Electronics,Headphones,1,199,199,Jaipur,Cash
ORD10575,2025-07-11,CUST154,Clothing,Jacket,5,999,4995,Lucknow,Cash
ORD10137,2025-01-08,CUST173,Home,Mixer Grinder,5,499,2495,Kanpur,Card
ORD10112,2025-04-19,CUST235,Electronics,Headphones,2,1499,2998,Pune,Cash
ORD10195,2025-01-22,CUST323,Grocery,Tea Pack,1,499,499,Lucknow,UPI
ORD10179,2025-02-13,CUST147,Home,Mixer Grinder,1,2499,2499,Kanpur,Cash
ORD10968,2025-10-12,CUST336,Home,Water Bottle,4,199,796,Pune,Card
ORD10497,2025-04-05,CUST289,Clothing,T-Shirt,5,499,2495,Kanpur,UPI
ORD10130,2025-09-18,CUST169,Grocery,Biscuits,2,999,1998,Kolkata,Cash
ORD10338,2025-10-01,CUST283,Clothing,Jacket,4,499,1996,Mumbai,UPI
ORD10609,2025-01-04,CUST132,Electronics,Bluetooth Speaker,1,999,999,Kolkata,Card
ORD10125,2025-01-27,CUST204,Clothing,Kurta,4,2499,9996,Mumbai,Card
ORD10196,2025-10-21,CUST307,Electronics,Smart Watch,5,499,2495,Pune,Card
ORD10227,2025-08-30,CUST171,Grocery,Rice 5kg,3,2499,7497,Kolkata,Card
ORD10690,2025-03-04,CUST279,Clothing,Jacket,1,499,499,Kolkata,Card
ORD10269,2025-08-27,CUST162,Clothing,T-Shirt,3,199,597,Mumbai,UPI
ORD10153,2025-10-04,CUST287,Grocery,Cooking Oil,2,2499,4998,Jaipur,Card
ORD10585,2025-12-08,CUST313,Clothing,Kurta,5,999,4995,Pune,Card
ORD10104,2025-04-27,CUST284,Clothing,T-Shirt,2,299,598,Delhi,UPI
ORD10594,2025-05-11,CUST102,Clothing,Jeans,2,999,1998,Mumbai,UPI
ORD10933,2025-02-16,CUST108,Clothing,Jacket,2,1499,2998,Kanpur,Card
ORD10228,2025-02-10,CUST109,Home,Table Lamp,5,99,495,Mumbai,Cash
ORD10966,2025-10-28,CUST144,Home,Table Lamp,2,2499,4998,Delhi,Cash
ORD10302,2025-09-16,CUST339,Home,Table Lamp,2,2499,4998,Mumbai,Cash
ORD10276,2025-10-19,CUST387,Clothing,T-Shirt,4,99,396,Delhi,UPI
ORD10127,2025-01-08,CUST382,Grocery,Cooking Oil,3,999,2997,Kanpur,Cash
ORD10406,2025-05-22,CUST164,Electronics,Mobile Charger,4,99,396,Pune,Cash
ORD10037,2025-10-05,CUST131,Grocery,Rice 5kg,5,1499,7495,Pune,UPI
ORD10140,2025-05-01,CUST247,Home,Mixer Grinder,5,99,495,Delhi,Card
ORD10304,2025-12-12,CUST198,Electronics,Smart Watch,3,999,2997,Delhi,Card
ORD10268,2025-06-13,CUST276,Clothing,Jeans,3,2499,7497,Kanpur,Cash
ORD10534,2025-11-21,CUST398,Electronics,Bluetooth Speaker,1,2499,2499,Jaipur,Card
ORD10546,2025-12-31,CUST119,Electronics,Mobile Charger,1,299,299,Kanpur,Card
ORD10213,2025-02-13,CUST258,Home,Bedsheet,5,1499,7495,Jaipur,UPI
ORD10469,2025-01-14,CUST263,Clothing,Kurta,3,199,597,Jaipur,Cash
ORD10199,2025-06-08,CUST273,Home,Mixer Grinder,4,2499,9996,Delhi,UPI
ORD10673,2025-10-11,CUST191,Electronics,Bluetooth Speaker,3,99,297,Kanpur,UPI
ORD10528,2025-01-14,CUST354,Home,Water Bottle,2,1499,2998,Mumbai,UPI
ORD10676,2025-02-24,CUST161,Grocery,Tea Pack,2,2499,4998,Lucknow,Card
ORD10866,2025-10-21,CUST269,Home,Table Lamp,5,499,2495,Kanpur,UPI
ORD10242,2025-09-23,CUST236,Home,Table Lamp,3,2499,7497,Kolkata,Cash
ORD10343,2025-06-30,CUST186,Home,Table Lamp,2,1499,2998,Delhi,Card
ORD10550,2025-12-25,CUST170,Electronics,Smart Watch,5,999,4995,Kanpur,Cash
ORD10387,2025-07-19,CUST102,Grocery,Biscuits,5,499,2495,Pune,Cash
ORD10940,2025-05-03,CUST376,Electronics,Mobile Charger,2,299,598,Lucknow,Card
ORD10207,2025-09-14,CUST177,Grocery,Tea Pack,5,499,2495,Lucknow,UPI
ORD10296,2025-02-21,CUST311,Electronics,Mobile Charger,2,99,198,Mumbai,Card
ORD10696,2025-01-12,CUST164,Home,Bedsheet,2,2499,4998,Pune,Cash
ORD10074,2025-08-14,CUST139,Clothing,Kurta,2,299,598,Pune,UPI
ORD10814,2025-06-29,CUST386,Home,Table Lamp,1,299,299,Kolkata,Card
ORD10755,2025-04-24,CUST178,Grocery,Tea Pack,5,1499,7495,Lucknow,Card
ORD10777,2025-04-16,CUST170,Clothing,Kurta,5,199,995,Jaipur,Card
ORD10275,2025-05-16,CUST287,Electronics,Headphones,4,199,796,Kolkata,UPI
ORD10017,2025-10-02,CUST236,Clothing,T-Shirt,1,1499,1499,Kolkata,Card
ORD10440,2025-03-01,CUST216,Clothing,T-Shirt,5,1499,7495,Pune,Card
ORD10092,2025-11-22,CUST335,Home,Mixer Grinder,4,299,1196,Pune,Cash
ORD10089,2025-12-20,CUST224,Home,Bedsheet,1,999,999,Lucknow,Card
ORD10451,2025-02-13,CUST397,Home,Water Bottle,4,1499,5996,Lucknow,Card
ORD10718,2025-01-18,CUST201,Grocery,Biscuits,4,199,796,Kanpur,Card
ORD10103,2025-09-05,CUST241,Grocery,Cooking Oil,2,1499,2998,Pune,Card
ORD10239,2025-05-10,CUST118,Clothing,Kurta,5,499,2495,Kolkata,Card
ORD10790,2025-09-22,CUST125,Home,Mixer Grinder,5,499,2495,Delhi,UPI
ORD10247,2025-11-08,CUST324,Grocery,Rice 5kg,2,2499,4998,Lucknow,Cash
ORD10781,2025-04-07,CUST154,Clothing,Kurta,3,199,597,Delhi,Cash
ORD10158,2025-10-15,CUST267,Grocery,Biscuits,1,999,999,Jaipur,Cash
ORD10480,2025-10-15,CUST282,Home,Water Bottle,2,1499,2998,Delhi,Card
ORD10646,2025-04-01,CUST343,Home,Bedsheet,5,99,495,Jaipur,Card
ORD10346,2025-08-22,CUST291,Grocery,Rice 5kg,2,999,1998,Lucknow,Card
ORD10898,2025-12-23,CUST299,Electronics,Bluetooth Speaker,2,299,598,Lucknow,Card
ORD10019,2025-11-17,CUST252,Clothing,Jeans,5,99,495,Kolkata,Card
ORD10772,2025-09-29,CUST256,Home,Mixer Grinder,1,199,199,Mumbai,UPI
ORD10122,2025-12-22,CUST353,Electronics,Mobile Charger,3,499,1497,Mumbai,Card
ORD10914,2025-08-03,CUST102,Home,Mixer Grinder,3,299,897,Jaipur,Cash
ORD10771,2025-02-15,CUST195,Clothing,Kurta,5,999,4995,Delhi,Card
ORD10434,2025-02-14,CUST322,Home,Bedsheet,1,199,199,Lucknow,UPI
ORD10980,2025-07-10,CUST348,Electronics,Mobile Charger,5,299,1495,Kanpur,UPI
ORD10312,2025-02-11,CUST369,Grocery,Cooking Oil,5,2499,12495,Kanpur,Card
ORD10829,2025-02-14,CUST270,Clothing,T-Shirt,5,2499,12495,Kanpur,Cash
ORD10913,2025-03-31,CUST119,Clothing,Kurta,4,199,796,Jaipur,Cash
ORD10547,2025-12-05,CUST155,Clothing,T-Shirt,5,99,495,Pune,Cash
ORD10182,2025-06-30,CUST153,Electronics,Smart Watch,5,299,1495,Jaipur,Card
ORD10185,2025-05-20,CUST258,Electronics,Smart Watch,1,199,199,Mumbai,UPI
ORD10407,2025-05-07,CUST301,Grocery,Cooking Oil,3,2499,7497,Kanpur,Cash
ORD10720,2025-11-23,CUST252,Electronics,Headphones,3,499,1497,Delhi,UPI
ORD10607,2025-02-06,CUST394,Electronics,Mobile Charger,3,999,2997,Kolkata,Cash
ORD10693,2025-11-10,CUST392,Grocery,Tea Pack,4,1499,5996,Kanpur,Cash
ORD10521,2025-07-29,CUST362,Grocery,Cooking Oil,3,1499,4497,Lucknow,Card
ORD10381,2025-08-01,CUST143,Electronics,Bluetooth Speaker,1,299,299,Lucknow,Card
ORD10411,2025-06-15,CUST245,Home,Bedsheet,4,299,1196,Mumbai,Card
ORD10635,2025-06-26,CUST349,Grocery,Biscuits,3,2499,7497,Kolkata,UPI
ORD10370,2025-06-05,CUST103,Grocery,Biscuits,1,199,199,Kanpur,UPI
ORD10884,2025-04-22,CUST162,Electronics,Headphones,5,1499,7495,Pune,Cash
ORD10911,2025-02-11,CUST103,Home,Bedsheet,1,499,499,Lucknow,Cash
ORD10840,2025-09-07,CUST115,Grocery,Tea Pack,3,499,1497,Lucknow,UPI
ORD10574,2025-12-04,CUST213,Clothing,Kurta,1,99,99,Lucknow,UPI
ORD10727,2025-12-28,CUST324,Grocery,Tea Pack,1,499,499,Pune,Card
ORD10638,2025-06-19,CUST158,Electronics,Mobile Charger,4,2499,9996,Kanpur,Card
ORD10608,2025-11-19,CUST307,Clothing,Kurta,4,499,1996,Kanpur,UPI
ORD10867,2025-12-22,CUST255,Clothing,Jacket,2,99,198,Pune,Card
ORD10069,2025-03-17,CUST102,Home,Table Lamp,4,199,796,Kolkata,Cash
ORD10962,2025-06-12,CUST361,Electronics,Bluetooth Speaker,2,499,998,Lucknow,Card
ORD10417,2025-04-26,CUST365,Home,Mixer Grinder,2,999,1998,Pune,UPI
ORD10562,2025-07-03,CUST114,Home,Bedsheet,5,499,2495,Kolkata,Card
ORD10068,2025-10-22,CUST199,Electronics,Bluetooth Speaker,4,1499,5996,Pune,Card
ORD10537,2025-04-03,CUST141,Home,Bedsheet,3,2499,7497,Kanpur,UPI
ORD10078,2025-06-30,CUST252,Electronics,Bluetooth Speaker,4,99,396,Kolkata,UPI
ORD10106,2025-01-07,CUST393,Grocery,Biscuits,1,2499,2499,Mumbai,UPI
ORD10853,2025-07-09,CUST381,Home,Bedsheet,3,99,297,Lucknow,Cash
ORD10639,2025-03-24,CUST310,Home,Table Lamp,2,999,1998,Lucknow,Cash
ORD10560,2025-08-04,CUST185,Clothing,Kurta,4,2499,9996,Lucknow,Cash
ORD10831,2025-06-13,CUST325,Grocery,Tea Pack,3,999,2997,Pune,Cash
ORD10691,2025-06-16,CUST361,Grocery,Cooking Oil,3,299,897,Kanpur,Card
ORD10949,2025-12-07,CUST371,Clothing,Jacket,4,999,3996,Kolkata,Card
ORD10951,2025-01-25,CUST175,Grocery,Biscuits,3,299,897,Mumbai,UPI
ORD10736,2025-12-26,CUST231,Home,Table Lamp,5,999,4995,Lucknow,UPI
ORD10850,2025-09-30,CUST249,Electronics,Mobile Charger,2,499,998,Kanpur,Card
ORD10491,2025-03-22,CUST127,Home,Bedsheet,5,499,2495,Lucknow,UPI
ORD10922,2025-04-23,CUST137,Grocery,Biscuits,2,499,998,Kanpur,Card
ORD10606,2025-06-19,CUST119,Grocery,Rice 5kg,4,1499,5996,Lucknow,Cash
ORD10364,2025-03-09,CUST144,Home,Water Bottle,3,99,297,Delhi,UPI
ORD10070,2025-12-23,CUST365,Home,Bedsheet,2,2499,4998,Kanpur,Cash
ORD10549,2025-12-18,CUST104,Home,Bedsheet,2,1499,2998,Mumbai,UPI
ORD10809,2025-01-30,CUST155,Home,Bedsheet,2,999,1998,Jaipur,Card
ORD10161,2025-12-23,CUST376,Home,Table Lamp,3,1499,4497,Kanpur,Card
ORD10012,2025-04-19,CUST390,Clothing,Kurta,3,99,297,Pune,UPI
ORD10145,2025-05-11,CUST335,Grocery,Cooking Oil,4,1499,5996,Mumbai,Card
ORD10518,2025-09-08,CUST328,Electronics,Headphones,2,299,598,Delhi,UPI
ORD10428,2025-07-07,CUST379,Grocery,Biscuits,5,499,2495,Pune,Cash
ORD10640,2025-03-24,CUST168,Electronics,Mobile Charger,5,999,4995,Pune,Card
ORD10177,2025-06-23,CUST332,Home,Table Lamp,2,499,998,Kanpur,UPI
ORD10441,2025-01-24,CUST341,Electronics,Headphones,1,199,199,Mumbai,UPI
ORD10815,2025-05-25,CUST230,Grocery,Rice 5kg,2,1499,2998,Kolkata,Cash
ORD10522,2025-03-30,CUST104,Electronics,Bluetooth Speaker,2,1499,2998,Delhi,UPI
ORD10952,2025-12-31,CUST374,Home,Bedsheet,5,199,995,Mumbai,Cash
ORD10449,2025-09-29,CUST221,Home,Water Bottle,1,199,199,Kanpur,UPI
ORD10689,2025-06-21,CUST233,Home,Mixer Grinder,4,1499,5996,Mumbai,UPI
ORD10232,2025-08-02,CUST195,Electronics,Smart Watch,2,999,1998,Pune,Card
ORD10211,2025-10-13,CUST297,Clothing,T-Shirt,3,99,297,Mumbai,UPI
ORD10144,2025-07-15,CUST223,Grocery,Cooking Oil,1,999,999,Kanpur,Card
ORD10754,2025-09-26,CUST121,Electronics,Bluetooth Speaker,1,299,299,Mumbai,Card
ORD10520,2025-10-20,CUST209,Home,Mixer Grinder,2,2499,4998,Kolkata,Cash
ORD10349,2025-09-26,CUST176,Home,Bedsheet,1,99,99,Delhi,Cash
ORD10299,2025-10-01,CUST119,Electronics,Headphones,5,199,995,Delhi,UPI
ORD10823,2025-06-07,CUST261,Home,Bedsheet,5,99,495,Pune,Cash
ORD10767,2025-12-06,CUST369,Grocery,Rice 5kg,4,999,3996,Lucknow,UPI
ORD10429,2025-02-04,CUST107,Home,Mixer Grinder,1,999,999,Mumbai,Cash
ORD10613,2025-11-28,CUST291,Clothing,Jeans,3,1499,4497,Lucknow,Card
ORD10009,2025-12-10,CUST236,Grocery,Tea Pack,3,199,597,Pune,Card
ORD10157,2025-11-23,CUST290,Clothing,Jacket,5,499,2495,Lucknow,Card
ORD10540,2025-01-03,CUST119,Home,Table Lamp,4,499,1996,Jaipur,Cash
ORD10507,2025-02-21,CUST246,Electronics,Headphones,5,2499,12495,Kolkata,Card
ORD10437,2025-01-16,CUST271,Grocery,Tea Pack,1,2499,2499,Kolkata,UPI
ORD10267,2025-08-01,CUST347,Electronics,Headphones,2,499,998,Kanpur,Cash
ORD10827,2025-06-17,CUST173,Clothing,Kurta,5,299,1495,Kolkata,Cash
ORD10462,2025-02-03,CUST201,Electronics,Smart Watch,1,99,99,Pune,UPI
ORD10577,2025-04-08,CUST273,Home,Bedsheet,4,2499,9996,Lucknow,UPI
ORD10339,2025-08-29,CUST263,Clothing,Kurta,4,99,396,Delhi,UPI
ORD10256,2025-10-11,CUST393,Grocery,Biscuits,1,299,299,Mumbai,UPI
ORD10894,2025-02-05,CUST376,Home,Table Lamp,4,499,1996,Delhi,Cash
ORD10929,2025-08-11,CUST396,Home,Bedsheet,2,299,598,Delhi,Card
ORD10666,2025-04-10,CUST332,Clothing,Jacket,2,999,1998,Kanpur,Card
ORD10561,2025-10-30,CUST347,Electronics,Mobile Charger,1,499,499,Kolkata,Card
ORD10209,2025-11-09,CUST181,Home,Table Lamp,5,999,4995,Mumbai,UPI
ORD10288,2025-04-17,CUST387,Home,Mixer Grinder,2,999,1998,Mumbai,Card
ORD10002,2025-02-17,CUST211,Electronics,Bluetooth Speaker,1,99,99,Delhi,Card
ORD10342,2025-12-17,CUST272,Grocery,Biscuits,5,1499,7495,Mumbai,UPI
ORD10270,2025-05-29,CUST296,Grocery,Cooking Oil,1,99,99,Kolkata,Card
ORD10266,2025-12-17,CUST307,Clothing,Jacket,4,199,796,Mumbai,UPI
ORD10907,2025-06-22,CUST305,Grocery,Rice 5kg,2,499,998,Mumbai,Cash
ORD10897,2025-05-29,CUST203,Clothing,T-Shirt,4,2499,9996,Delhi,Card
ORD10096,2025-06-16,CUST193,Home,Water Bottle,1,499,499,Kanpur,Cash
ORD10865,2025-06-25,CUST373,Electronics,Smart Watch,5,99,495,Kolkata,Cash
ORD10043,2025-09-17,CUST235,Electronics,Headphones,5,199,995,Delhi,UPI
ORD10877,2025-09-29,CUST322,Home,Table Lamp,3,199,597,Lucknow,UPI
ORD10399,2025-09-11,CUST381,Clothing,Jeans,4,999,3996,Jaipur,Cash
ORD10629,2025-04-02,CUST389,Grocery,Cooking Oil,4,199,796,Jaipur,Card
ORD10046,2025-05-20,CUST244,Electronics,Headphones,5,199,995,Jaipur,Cash
ORD10162,2025-09-08,CUST308,Grocery,Biscuits,1,2499,2499,Mumbai,Cash
ORD10728,2025-10-06,CUST278,Home,Bedsheet,5,199,995,Mumbai,Card
ORD10630,2025-04-23,CUST349,Grocery,Biscuits,3,99,297,Delhi,Cash
ORD10289,2025-08-24,CUST372,Home,Table Lamp,3,199,597,Mumbai,Card
ORD10976,2025-01-28,CUST239,Home,Bedsheet,3,199,597,Mumbai,UPI
ORD10576,2025-05-11,CUST200,Home,Bedsheet,4,99,396,Delhi,Cash
ORD10851,2025-06-12,CUST253,Home,Bedsheet,2,1499,2998,Jaipur,Card
ORD10316,2025-10-14,CUST336,Home,Table Lamp,5,99,495,Pune,UPI
ORD10973,2025-05-22,CUST352,Grocery,Rice 5kg,1,2499,2499,Lucknow,Card
ORD10231,2025-05-04,CUST173,Home,Mixer Grinder,5,999,4995,Mumbai,UPI
ORD10810,2025-12-28,CUST247,Electronics,Bluetooth Speaker,5,2499,12495,Kanpur,Card
ORD10699,2025-02-13,CUST299,Electronics,Smart Watch,5,199,995,Mumbai,Cash
ORD10904,2025-01-24,CUST224,Home,Mixer Grinder,4,999,3996,Pune,Card
ORD10712,2025-01-10,CUST177,Clothing,Kurta,2,299,598,Lucknow,Card
ORD10878,2025-12-16,CUST121,Home,Table Lamp,3,999,2997,Lucknow,Card
ORD10077,2025-04-16,CUST315,Clothing,Kurta,4,99,396,Kanpur,Card
ORD10634,2025-02-09,CUST364,Home,Water Bottle,5,1499,7495,Mumbai,UPI
ORD10248,2025-07-16,CUST390,Electronics,Mobile Charger,3,299,897,Lucknow,Card
ORD10820,2025-10-17,CUST261,Home,Mixer Grinder,5,299,1495,Jaipur,Card
ORD10825,2025-07-11,CUST119,Grocery,Tea Pack,2,99,198,Kolkata,Cash
ORD10477,2025-03-17,CUST400,Grocery,Tea Pack,1,99,99,Pune,Cash
ORD10876,2025-09-30,CUST219,Home,Table Lamp,3,499,1497,Kanpur,Card
ORD10671,2025-12-26,CUST217,Electronics,Bluetooth Speaker,2,1499,2998,Kolkata,UPI
ORD10086,2025-02-28,CUST388,Grocery,Cooking Oil,4,1499,5996,Delhi,UPI
ORD10470,2025-08-30,CUST371,Electronics,Smart Watch,1,2499,2499,Mumbai,Card
ORD10226,2025-11-29,CUST271,Grocery,Rice 5kg,3,99,297,Kolkata,Cash
ORD10889,2025-07-21,CUST191,Electronics,Bluetooth Speaker,2,999,1998,Pune,UPI
ORD10775,2025-07-21,CUST170,Clothing,Jeans,2,299,598,Lucknow,Card
ORD10332,2025-12-29,CUST173,Home,Bedsheet,2,299,598,Kolkata,UPI
ORD10234,2025-11-22,CUST298,Electronics,Bluetooth Speaker,4,99,396,Mumbai,UPI
ORD10589,2025-05-02,CUST361,Electronics,Mobile Charger,5,499,2495,Kolkata,Card
ORD10476,2025-04-14,CUST166,Home,Mixer Grinder,3,999,2997,Mumbai,Card
ORD10974,2025-05-13,CUST343,Clothing,Kurta,5,499,2495,Pune,Cash
ORD10953,2025-03-01,CUST121,Grocery,Cooking Oil,2,199,398,Mumbai,Card
ORD10600,2025-05-04,CUST224,Electronics,Headphones,3,499,1497,Lucknow,Card
ORD10422,2025-03-13,CUST163,Home,Bedsheet,1,99,99,Jaipur,Card
ORD10688,2025-03-25,CUST130,Electronics,Bluetooth Speaker,1,1499,1499,Delhi,UPI
ORD10183,2025-02-25,CUST279,Grocery,Cooking Oil,4,199,796,Kolkata,Card
ORD10618,2025-10-25,CUST349,Electronics,Smart Watch,1,199,199,Mumbai,UPI
ORD10333,2025-09-29,CUST168,Electronics,Bluetooth Speaker,4,999,3996,Kanpur,Cash
ORD10439,2025-10-18,CUST185,Clothing,T-Shirt,4,2499,9996,Mumbai,Cash
ORD10960,2025-11-25,CUST199,Electronics,Smart Watch,1,999,999,Jaipur,Card
ORD10006,2025-07-13,CUST140,Electronics,Bluetooth Speaker,5,99,495,Jaipur,UPI
ORD10530,2025-10-01,CUST343,Grocery,Tea Pack,2,1499,2998,Pune,UPI
ORD10235,2025-05-04,CUST153,Electronics,Smart Watch,1,299,299,Kolkata,Card
ORD10487,2025-02-21,CUST345,Home,Water Bottle,5,499,2495,Kolkata,Card
ORD10989,2025-06-29,CUST114,Grocery,Cooking Oil,2,1499,2998,Lucknow,Cash
ORD10498,2025-08-14,CUST338,Grocery,Biscuits,1,299,299,Mumbai,Cash
ORD10885,2025-11-28,CUST389,Electronics,Mobile Charger,4,1499,5996,Kolkata,Cash
ORD10983,2025-08-15,CUST367,Clothing,Jacket,3,199,597,Kolkata,UPI
ORD10107,2025-01-27,CUST229,Home,Table Lamp,3,199,597,Kolkata,UPI
ORD10444,2025-09-22,CUST123,Electronics,Mobile Charger,2,2499,4998,Kanpur,Cash
ORD10931,2025-09-03,CUST150,Electronics,Bluetooth Speaker,5,499,2495,Kanpur,UPI
ORD10489,2025-03-29,CUST292,Clothing,T-Shirt,1,299,299,Delhi,Card
ORD10647,2025-12-04,CUST166,Electronics,Headphones,1,499,499,Jaipur,Card
ORD10013,2025-08-23,CUST173,Grocery,Biscuits,4,1499,5996,Mumbai,Cash
ORD10739,2025-02-06,CUST255,Electronics,Smart Watch,5,99,495,Lucknow,Cash
ORD10191,2025-02-26,CUST245,Grocery,Rice 5kg,3,499,1497,Pune,Card
ORD10833,2025-10-09,CUST263,Electronics,Mobile Charger,5,299,1495,Mumbai,Cash
ORD10283,2025-06-19,CUST156,Clothing,Kurta,1,299,299,Kanpur,Card
ORD10030,2025-08-28,CUST127,Home,Water Bottle,4,499,1996,Pune,Card
ORD10170,2025-08-18,CUST285,Home,Mixer Grinder,1,499,499,Jaipur,Card
ORD10181,2025-12-07,CUST316,Electronics,Bluetooth Speaker,3,2499,7497,Kolkata,Card
ORD10101,2025-06-30,CUST332,Clothing,Kurta,5,299,1495,Mumbai,UPI
ORD10198,2025-02-24,CUST224,Home,Water Bottle,1,499,499,Kanpur,Card
ORD10496,2025-07-23,CUST341,Electronics,Bluetooth Speaker,1,299,299,Kanpur,Card
ORD10648,2025-07-09,CUST122,Electronics,Bluetooth Speaker,5,499,2495,Pune,Card
ORD10045,2025-12-06,CUST153,Clothing,T-Shirt,5,299,1495,Delhi,UPI
ORD10711,2025-11-23,CUST333,Grocery,Cooking Oil,3,99,297,Jaipur,UPI
ORD10374,2025-08-25,CUST207,Grocery,Cooking Oil,5,99,495,Kanpur,UPI
ORD10679,2025-08-05,CUST344,Grocery,Rice 5kg,5,2499,12495,Jaipur,Cash
ORD10649,2025-07-15,CUST279,Home,Bedsheet,4,2499,9996,Jaipur,Card
ORD10798,2025-12-31,CUST126,Grocery,Cooking Oil,2,199,398,Kanpur,UPI
ORD10848,2025-07-14,CUST267,Electronics,Headphones,5,2499,12495,Kanpur,Card
ORD10461,2025-07-25,CUST290,Grocery,Cooking Oil,2,2499,4998,Pune,Card
ORD10909,2025-08-01,CUST186,Electronics,Smart Watch,2,2499,4998,Pune,UPI
ORD10414,2025-06-04,CUST181,Home,Bedsheet,2,1499,2998,Kolkata,UPI
ORD10132,2025-12-04,CUST350,Clothing,Jacket,5,999,4995,Kolkata,Cash
ORD10040,2025-08-03,CUST398,Grocery,Rice 5kg,5,99,495,Jaipur,Card
ORD10435,2025-01-07,CUST170,Electronics,Smart Watch,2,99,198,Pune,Cash
ORD10216,2025-02-09,CUST251,Grocery,Cooking Oil,2,199,398,Kolkata,Cash
ORD10556,2025-03-31,CUST120,Home,Mixer Grinder,1,2499,2499,Kolkata,UPI
ORD10567,2025-08-29,CUST353,Electronics,Headphones,2,999,1998,Kolkata,Cash
ORD10763,2025-12-17,CUST291,Home,Mixer Grinder,2,199,398,Delhi,Card
ORD10475,2025-04-30,CUST212,Home,Mixer Grinder,1,99,99,Lucknow,Card
ORD10457,2025-12-27,CUST120,Electronics,Mobile Charger,3,2499,7497,Delhi,UPI
ORD10812,2025-04-03,CUST219,Home,Table Lamp,4,2499,9996,Pune,UPI
ORD10261,2025-05-26,CUST140,Clothing,Jeans,3,999,2997,Mumbai,Cash
ORD10817,2025-10-19,CUST114,Clothing,Jacket,4,1499,5996,Kolkata,Cash
ORD10036,2025-09-07,CUST179,Clothing,Kurta,5,1499,7495,Delhi,UPI
ORD10828,2025-07-18,CUST367,Grocery,Cooking Oil,1,499,499,Lucknow,Cash
ORD10912,2025-09-01,CUST164,Electronics,Smart Watch,4,1499,5996,Delhi,Cash
ORD10310,2025-04-24,CUST212,Electronics,Smart Watch,3,999,2997,Delhi,UPI
ORD10277,2025-08-19,CUST381,Clothing,T-Shirt,4,999,3996,Mumbai,Card
ORD10637,2025-03-22,CUST285,Clothing,Jeans,2,199,398,Jaipur,Card
ORD10655,2025-10-14,CUST384,Home,Table Lamp,2,299,598,Kanpur,UPI
ORD10623,2025-07-03,CUST256,Clothing,Kurta,4,499,1996,Kanpur,Card
ORD10836,2025-04-02,CUST328,Electronics,Headphones,4,499,1996,Jaipur,UPI
ORD10845,2025-06-25,CUST378,Home,Table Lamp,5,2499,12495,Pune,Cash
ORD10394,2025-11-27,CUST188,Grocery,Biscuits,5,1499,7495,Jaipur,Cash
ORD10108,2025-02-07,CUST395,Electronics,Headphones,4,499,1996,Pune,Card
ORD10350,2025-07-23,CUST140,Clothing,Jacket,3,2499,7497,Mumbai,UPI
ORD10525,2025-11-01,CUST244,Electronics,Smart Watch,5,1499,7495,Mumbai,Card
ORD10785,2025-07-29,CUST107,Grocery,Cooking Oil,2,99,198,Mumbai,UPI
ORD10048,2025-01-02,CUST270,Electronics,Bluetooth Speaker,3,99,297,Kolkata,Cash
ORD10204,2025-06-30,CUST359,Clothing,Jacket,5,99,495,Lucknow,UPI
ORD10632,2025-01-21,CUST265,Home,Table Lamp,4,99,396,Lucknow,Card
ORD10022,2025-02-10,CUST143,Grocery,Rice 5kg,2,999,1998,Pune,UPI
ORD10403,2025-06-29,CUST319,Grocery,Cooking Oil,5,1499,7495,Delhi,Card
ORD10947,2025-08-16,CUST110,Grocery,Biscuits,3,499,1497,Mumbai,Cash
ORD10084,2025-10-04,CUST126,Clothing,T-Shirt,4,99,396,Mumbai,Cash
ORD10131,2025-09-17,CUST236,Clothing,Kurta,3,2499,7497,Kolkata,Cash
ORD10416,2025-02-16,CUST148,Clothing,Jeans,4,1499,5996,Lucknow,Cash
ORD10896,2025-11-28,CUST146,Clothing,Kurta,1,1499,1499,Mumbai,Card
ORD10978,2025-03-27,CUST378,Grocery,Rice 5kg,5,2499,12495,Mumbai,UPI
ORD10990,2025-09-14,CUST223,Clothing,Jacket,3,199,597,Jaipur,Card
ORD10842,2025-02-24,CUST266,Grocery,Rice 5kg,4,2499,9996,Jaipur,Card
ORD10742,2025-03-27,CUST192,Clothing,Kurta,4,99,396,Jaipur,UPI
ORD10698,2025-07-23,CUST368,Home,Mixer Grinder,1,2499,2499,Kolkata,Cash
ORD10287,2025-12-20,CUST204,Clothing,Kurta,2,499,998,Kanpur,Card
ORD10124,2025-07-31,CUST127,Home,Mixer Grinder,5,499,2495,Delhi,Card
ORD10034,2025-09-06,CUST346,Electronics,Mobile Charger,2,499,998,Delhi,UPI
ORD10788,2025-10-20,CUST374,Home,Water Bottle,4,999,3996,Jaipur,Card
ORD10517,2025-07-08,CUST337,Electronics,Smart Watch,2,299,598,Jaipur,UPI
ORD10924,2025-04-10,CUST283,Clothing,Jeans,4,1499,5996,Mumbai,Cash
ORD10020,2025-03-24,CUST376,Grocery,Cooking Oil,3,2499,7497,Kolkata,Card
ORD10220,2025-12-14,CUST392,Clothing,Kurta,2,299,598,Kanpur,UPI
ORD10892,2025-03-18,CUST100,Clothing,Kurta,1,499,499,Lucknow,Card
ORD10580,2025-12-03,CUST264,Grocery,Cooking Oil,1,499,499,Jaipur,UPI
ORD10482,2025-04-04,CUST262,Electronics,Bluetooth Speaker,5,99,495,Kolkata,Card
ORD10932,2025-01-07,CUST308,Grocery,Rice 5kg,5,2499,12495,Delhi,Cash
ORD10357,2025-07-19,CUST376,Grocery,Cooking Oil,5,2499,12495,Mumbai,UPI
ORD10662,2025-11-03,CUST361,Clothing,Jeans,1,2499,2499,Jaipur,Card
ORD10225,2025-05-01,CUST297,Electronics,Bluetooth Speaker,5,299,1495,Lucknow,UPI
ORD10760,2025-05-17,CUST320,Grocery,Cooking Oil,2,99,198,Mumbai,Card
ORD10093,2025-05-19,CUST375,Home,Bedsheet,5,1499,7495,Kolkata,UPI
ORD10804,2025-01-26,CUST155,Electronics,Smart Watch,3,99,297,Kanpur,Cash
ORD10746,2025-07-23,CUST100,Clothing,Jacket,4,499,1996,Pune,Cash
ORD10280,2025-08-31,CUST365,Electronics,Mobile Charger,3,2499,7497,Kanpur,Cash
ORD10765,2025-08-19,CUST341,Electronics,Smart Watch,1,299,299,Lucknow,UPI
ORD10605,2025-12-26,CUST322,Home,Mixer Grinder,2,999,1998,Pune,Cash
ORD10401,2025-12-01,CUST226,Home,Bedsheet,4,99,396,Mumbai,Cash
ORD10258,2025-11-25,CUST137,Home,Mixer Grinder,2,299,598,Kanpur,UPI
ORD10945,2025-05-22,CUST157,Clothing,T-Shirt,1,199,199,Pune,Cash
ORD10773,2025-12-17,CUST280,Home,Bedsheet,1,299,299,Mumbai,Card
ORD10551,2025-02-24,CUST354,Electronics,Smart Watch,1,2499,2499,Delhi,Card
ORD10202,2025-11-18,CUST352,Grocery,Cooking Oil,1,199,199,Kanpur,Card
ORD10313,2025-02-01,CUST380,Clothing,T-Shirt,5,99,495,Jaipur,Cash
ORD10291,2025-05-28,CUST206,Clothing,Jeans,3,2499,7497,Pune,Card
ORD10764,2025-11-14,CUST175,Electronics,Headphones,1,199,199,Kolkata,UPI
ORD10950,2025-03-09,CUST256,Home,Table Lamp,3,999,2997,Delhi,UPI
ORD10184,2025-04-26,CUST319,Clothing,T-Shirt,3,999,2997,Kolkata,Card
ORD10251,2025-10-15,CUST160,Grocery,Biscuits,5,499,2495,Mumbai,UPI
ORD10824,2025-05-02,CUST290,Clothing,Kurta,1,499,499,Kanpur,UPI
ORD10941,2025-06-30,CUST236,Home,Bedsheet,2,299,598,Jaipur,Card
ORD10392,2025-03-01,CUST193,Clothing,T-Shirt,2,299,598,Mumbai,Card
ORD10905,2025-01-26,CUST257,Grocery,Rice 5kg,2,1499,2998,Kolkata,Cash
ORD10731,2025-11-14,CUST286,Electronics,Bluetooth Speaker,2,99,198,Kolkata,Card
ORD10555,2025-04-29,CUST333,Electronics,Headphones,3,1499,4497,Mumbai,UPI
ORD10367,2025-03-13,CUST237,Grocery,Cooking Oil,4,199,796,Mumbai,UPI
ORD10536,2025-04-13,CUST275,Home,Mixer Grinder,2,199,398,Kanpur,Card
ORD10920,2025-08-16,CUST396,Home,Mixer Grinder,1,199,199,Mumbai,UPI
ORD10212,2025-12-06,CUST172,Grocery,Tea Pack,1,999,999,Mumbai,UPI
ORD10538,2025-08-20,CUST240,Grocery,Tea Pack,1,99,99,Delhi,Cash
ORD10176,2025-12-02,CUST382,Home,Mixer Grinder,1,2499,2499,Pune,Cash
